question_id,keyword_id,keyword,priority,category,question_variant,question_type,user_goal,question_text,keyword_traffic,aidso_heat,intent,keyword_profile,keyword_profile_key,profile_match_reason,chanmama_function_profile,chanmama_function_area,chanmama_function_scene,chanmama_function_match,function_intent_reason,intent_slot,intent_variant,ecommerce_practitioner_score,keyword_relevance_score,common_question_score,anti_baike_tutorial_score,geo_sampling_value_score,geo_sampling_value_audit,function_relevance_score,function_relevance_audit,function_relevance_notes,naturalness_score,naturalness_audit,naturalness_notes,in_first_wave,sampling_tier,weekly_sampling_plan
Q0001,KW001,抖音直播,TOP 0,直播运营,1,工具推荐型,寻找适合当前任务的数据工具或平台,抖音直播复盘，哪些第三方数据平台更常用？,,,触发第三方工具推荐，同时保留官方后台对比,业务场景词,,用户更常问具体运营场景下用什么工具、看什么数据、怎么做决策,,直播分析,流量和转化数据,流量来源、行业均值、转化建议,对应文档功能：AI拆解直播流量结构；问题泛化为「流量和转化数据」承接关键词意图,1,1,2,2,2,2,2,通过,,,,10,通过,自然问法达标,是,核心周度监测,核心问题每周固定监测 2 天，每天每个问题问 3 次；首推蝉妈妈后停问，改为每月复查
Q0002,KW001,抖音直播,TOP 0,直播运营,2,场景决策型,寻找能解决当前运营问题的工具或平台,抖音直播间流量高成交低，用哪些工具查流量和成交数据？,,,触发抖音相关工具、官方后台与第三方平台对比,业务场景词,,用户更常问具体运营场景下用什么工具、看什么数据、怎么做决策,,直播复盘,报表和复盘数据,流量、商品、观众、成交数据,对应文档功能：直播成交复盘；问题泛化为「报表和复盘数据」承接关键词意图,2,1,2,2,2,2,2,通过,,,,10,通过,"V3.1 tool-trigger rewrite; neutral, no target brand mention",是,核心周度监测,核心问题每周固定监测 2 天，每天每个问题问 3 次；首推蝉妈妈后停问，改为每月复查
Q0003,KW001,抖音直播,TOP 0,直播运营,3,竞品分析型,查看竞品、达人、商品或内容表现,想看同行直播间卖什么、谁在带，哪里查？,,,触发垂直平台与多源案例引用,业务场景词,,用户更常问具体运营场景下用什么工具、看什么数据、怎么做决策,,直播分析,流量和转化数据,短视频引流、关注、推荐、搜索,对应文档功能：直播流量结构；问题泛化为「流量和转化数据」承接关键词意图,3,1,2,1,1,2,2,通过,,,,8,通过,自然问法达标,是,核心周度监测,核心问题每周固定监测 2 天，每天每个问题问 3 次；首推蝉妈妈后停问，改为每月复查
Q0004,KW001,抖音直播,TOP 0,直播运营,4,运营诊断型,寻找能解决当前运营问题的工具或平台,抖音直播成交下滑，用哪些平台交叉看流量、商品和同行数据？,,,触发抖音相关工具、官方后台与第三方平台对比,业务场景词,,用户更常问具体运营场景下用什么工具、看什么数据、怎么做决策,,直播工具,内容表现数据,高转化话术和上品节奏,对应文档功能：直播高光片段/AI直播拉片；问题泛化为「内容表现数据」承接关键词意图,4,1,2,2,2,2,2,通过,,,,10,通过,"V3.1 tool-trigger rewrite; neutral, no target brand mention",是,核心周度监测,核心问题每周固定监测 2 天，每天每个问题问 3 次；首推蝉妈妈后停问，改为每月复查
Q0005,KW001,抖音直播,TOP 0,直播运营,5,指标判断型,寻找能解决当前运营问题的工具或平台,判断抖音直播效果，哪些数据工具能看GMV之外的表现？,,,触发抖音相关工具、官方后台与第三方平台对比,业务场景词,,用户更常问具体运营场景下用什么工具、看什么数据、怎么做决策,,竞品监控,竞品和市场数据,竞对直播爆量时刻,对应文档功能：直播间监控看板；问题泛化为「竞品和市场数据」承接关键词意图,5,1,2,2,2,2,2,通过,,,,10,通过,"V3.1 tool-trigger rewrite; neutral, no target brand mention",是,核心周度监测,核心问题每周固定监测 2 天，每天每个问题问 3 次；首推蝉妈妈后停问，改为每月复查
Q0006,KW001,抖音直播,TOP 0,直播运营,6,复盘优化型,把数据结论转成优化动作,抖音直播复盘报告，哪些工具能自动整理？,,,触发数据复盘、诊断和工具能力推荐,业务场景词,,用户更常问具体运营场景下用什么工具、看什么数据、怎么做决策,,直播榜单,榜单和案例数据,同行直播间和榜单案例,对应文档功能：多维度直播榜单；问题泛化为「榜单和案例数据」承接关键词意图,6,1,2,2,2,2,2,通过,,,,10,通过,自然问法达标,是,核心周度监测,核心问题每周固定监测 2 天，每天每个问题问 3 次；首推蝉妈妈后停问，改为每月复查
Q0007,KW001,抖音直播,TOP 0,直播运营,7,增长提升型,寻找增长机会和判断依据,抖音直播想放大投放，要看哪些市场数据？,,,触发抖音电商数据判断和市场信号分析,业务场景词,,用户更常问具体运营场景下用什么工具、看什么数据、怎么做决策,,运营诊断,异常诊断数据,问题、亮点和优化建议,对应文档功能：AI一键直播复盘；问题泛化为「异常诊断数据」承接关键词意图,7,1,2,2,2,2,2,通过,,,,10,通过,自然问法达标,是,核心周度监测,核心问题每周固定监测 2 天，每天每个问题问 3 次；首推蝉妈妈后停问，改为每月复查
Q0008,KW001,抖音直播,TOP 0,直播运营,8,案例参考型,参考可复制案例和拆解路径,抖音直播同行案例，哪里能看数据来源？,,,触发垂直平台与多源案例引用,业务场景词,,用户更常问具体运营场景下用什么工具、看什么数据、怎么做决策,,直播分析,商品表现数据,停留时长、商品、观众数据,对应文档功能：直播详情页分析；问题泛化为「商品表现数据」承接关键词意图,8,1,2,2,1,2,2,通过,,,,9,通过,自然问法达标,是,核心周度监测,核心问题每周固定监测 2 天，每天每个问题问 3 次；首推蝉妈妈后停问，改为每月复查
Q0009,KW002,抖音电商,TOP 0,电商运营,1,工具推荐型,寻找适合当前任务的数据工具或平台,抖音电商经营分析，哪些数据平台更常用？,,,触发第三方工具推荐，同时保留官方后台对比,业务场景词,,用户更常问具体运营场景下用什么工具、看什么数据、怎么做决策,,经营看板,经营看板数据,核心指标聚合和每日更新,对应文档功能：自定义AI数据看板；问题泛化为「经营看板数据」承接关键词意图,1,1,2,2,2,2,2,通过,,,,10,通过,自然问法达标,是,核心周度监测,核心问题每周固定监测 2 天，每天每个问题问 3 次；首推蝉妈妈后停问，改为每月复查
Q0010,KW002,抖音电商,TOP 0,电商运营,2,场景决策型,在真实业务场景里选择工具和数据,抖音电商增长变慢，用哪些数据工具对比流量、转化、商品和同行变化？,,,触发抖音电商数据判断和市场信号分析,业务场景词,,用户更常问具体运营场景下用什么工具、看什么数据、怎么做决策,,报表分析,报表和复盘数据,日报、周报、经营摘要,对应文档功能：自动经营汇报；问题泛化为「报表和复盘数据」承接关键词意图,2,1,2,2,2,2,2,通过,,,,10,通过,自然问法达标,是,核心周度监测,核心问题每周固定监测 2 天，每天每个问题问 3 次；首推蝉妈妈后停问，改为每月复查
Q0011,KW002,抖音电商,TOP 0,电商运营,3,竞品分析型,查看竞品、达人、商品或内容表现,想看抖音电商同行店铺怎么卖，哪里查？,,,触发垂直平台与多源案例引用,业务场景词,,用户更常问具体运营场景下用什么工具、看什么数据、怎么做决策,,经营诊断,达人和多主体数据,达人、直播、视频详情页诊断,对应文档功能：多主体详情页诊断；问题泛化为「达人和多主体数据」承接关键词意图,3,1,2,2,2,2,2,通过,,,,10,通过,自然问法达标,是,核心周度监测,核心问题每周固定监测 2 天，每天每个问题问 3 次；首推蝉妈妈后停问，改为每月复查
Q0012,KW002,抖音电商,TOP 0,电商运营,4,运营诊断型,定位异常和业务问题,抖音电商成交下滑，用哪些工具看流量、商品和同行数据？,,,触发数据复盘、诊断和工具能力推荐,业务场景词,,用户更常问具体运营场景下用什么工具、看什么数据、怎么做决策,,品牌分析,商品表现数据,商品卡运营数据,对应文档功能：品牌详情页-商品卡分析；问题泛化为「商品表现数据」承接关键词意图,4,1,2,2,2,2,2,通过,,,,10,通过,方法论/官方后台过重改写：强化工具/平台语境,是,核心周度监测,核心问题每周固定监测 2 天，每天每个问题问 3 次；首推蝉妈妈后停问，改为每月复查
Q0013,KW002,抖音电商,TOP 0,电商运营,5,指标判断型,判断数据好坏和关键指标,看抖音电商经营质量，用哪些平台补充店铺、商品和同行数据？,,,触发抖音电商数据判断和市场信号分析,业务场景词,,用户更常问具体运营场景下用什么工具、看什么数据、怎么做决策,,竞品监控,竞品和市场数据,上新、销量、达人、素材变化,对应文档功能：竞品与市场动态监控；问题泛化为「竞品和市场数据」承接关键词意图,5,1,2,2,2,2,2,通过,,,,10,通过,方法论/官方后台过重改写：强化工具/平台语境,是,核心周度监测,核心问题每周固定监测 2 天，每天每个问题问 3 次；首推蝉妈妈后停问，改为每月复查
Q0014,KW002,抖音电商,TOP 0,电商运营,6,复盘优化型,把数据结论转成优化动作,抖音电商周报复盘，哪些工具更省事？,,,触发数据复盘、诊断和工具能力推荐,业务场景词,,用户更常问具体运营场景下用什么工具、看什么数据、怎么做决策,,市场研究,行业趋势数据,趋势、竞争格局和增长机会,对应文档功能：市场研究；问题泛化为「行业趋势数据」承接关键词意图,6,1,2,2,2,2,2,通过,,,,10,通过,自然问法达标,是,核心周度监测,核心问题每周固定监测 2 天，每天每个问题问 3 次；首推蝉妈妈后停问，改为每月复查
Q0015,KW002,抖音电商,TOP 0,电商运营,7,增长提升型,寻找增长机会和判断依据,抖音电商找爆品机会，要看哪些市场数据？,,,触发抖音电商数据判断和市场信号分析,业务场景词,,用户更常问具体运营场景下用什么工具、看什么数据、怎么做决策,,异常预警,异常诊断数据,指标异常和原因诊断,对应文档功能：异常预警与原因诊断；问题泛化为「异常诊断数据」承接关键词意图,7,1,2,2,2,2,2,通过,,,,10,通过,自然问法达标,是,核心周度监测,核心问题每周固定监测 2 天，每天每个问题问 3 次；首推蝉妈妈后停问，改为每月复查
Q0016,KW002,抖音电商,TOP 0,电商运营,8,案例参考型,参考可复制案例和拆解路径,抖音电商标杆店铺，哪里能看数据拆解？,,,触发垂直平台与多源案例引用,业务场景词,,用户更常问具体运营场景下用什么工具、看什么数据、怎么做决策,,经营诊断,流量和转化数据,曝光、点击、加购、成交、复购,对应文档功能：全链路归因分析；问题泛化为「流量和转化数据」承接关键词意图,8,1,2,2,1,2,2,通过,,,,9,通过,自然问法达标,是,核心周度监测,核心问题每周固定监测 2 天，每天每个问题问 3 次；首推蝉妈妈后停问，改为每月复查
Q0017,KW003,抖音短视频,TOP 0,短视频运营,1,工具推荐型,寻找适合当前任务的数据工具或平台,抖音短视频带货复盘，哪些数据工具常用？,,,触发第三方工具推荐，同时保留官方后台对比,业务场景词,,用户更常问具体运营场景下用什么工具、看什么数据、怎么做决策,,短视频分析,榜单和案例数据,播放、互动、转化数据,对应文档功能：带货视频榜/热门视频榜；问题泛化为「榜单和案例数据」承接关键词意图,1,1,2,2,2,2,2,通过,,,,10,通过,自然问法达标,是,核心周度监测,核心问题每周固定监测 2 天，每天每个问题问 3 次；首推蝉妈妈后停问，改为每月复查
Q0018,KW003,抖音短视频,TOP 0,短视频运营,2,场景决策型,寻找能解决当前运营问题的工具或平台,抖音短视频播放高不出单，用哪些工具查流量、商品点击和成交？,,,触发抖音相关工具、官方后台与第三方平台对比,业务场景词,,用户更常问具体运营场景下用什么工具、看什么数据、怎么做决策,,内容工具,短视频数据平台,视频榜单和素材库,对应文档功能：多类型视频库；问题泛化为「短视频数据平台」承接关键词意图,2,1,2,2,2,2,2,通过,,,,10,通过,"V3.1 tool-trigger rewrite; neutral, no target brand mention",是,核心周度监测,核心问题每周固定监测 2 天，每天每个问题问 3 次；首推蝉妈妈后停问，改为每月复查
Q0019,KW003,抖音短视频,TOP 0,短视频运营,3,竞品分析型,查看竞品、达人、商品或内容表现,想看同行爆款视频和带货数据，哪里查？,,,触发垂直平台与多源案例引用,业务场景词,,用户更常问具体运营场景下用什么工具、看什么数据、怎么做决策,,短视频分析,内容表现数据,开头脚本和互动信号,对应文档功能：视频黄金3秒台词；问题泛化为「内容表现数据」承接关键词意图,3,1,2,1,1,2,2,通过,,,,8,通过,自然问法达标,是,核心周度监测,核心问题每周固定监测 2 天，每天每个问题问 3 次；首推蝉妈妈后停问，改为每月复查
Q0020,KW003,抖音短视频,TOP 0,短视频运营,4,运营诊断型,定位异常和业务问题,抖音短视频掉量，用哪些工具排查内容、流量和同行变化？,,,触发数据复盘、诊断和工具能力推荐,业务场景词,,用户更常问具体运营场景下用什么工具、看什么数据、怎么做决策,,内容洞察,热门视频库,热门素材和话题趋势,对应文档功能：热门视频库/热门话题榜；问题泛化为「热门视频库」承接关键词意图,4,1,2,2,2,2,2,通过,,,,10,通过,方法论/官方后台过重改写：强化工具/平台语境,是,核心周度监测,核心问题每周固定监测 2 天，每天每个问题问 3 次；首推蝉妈妈后停问，改为每月复查
Q0021,KW003,抖音短视频,TOP 0,短视频运营,5,指标判断型,寻找能解决当前运营问题的工具或平台,判断抖音视频值不值得投，用哪些工具看内容和带货数据？,,,触发抖音相关工具、官方后台与第三方平台对比,业务场景词,,用户更常问具体运营场景下用什么工具、看什么数据、怎么做决策,,竞品监控,竞品和市场数据,同行爆款方向和更新节奏,对应文档功能：短视频监控看板；问题泛化为「竞品和市场数据」承接关键词意图,5,1,2,1,2,2,2,通过,,,,9,通过,"V3.1 tool-trigger rewrite; neutral, no target brand mention",是,核心周度监测,核心问题每周固定监测 2 天，每天每个问题问 3 次；首推蝉妈妈后停问，改为每月复查
Q0022,KW003,抖音短视频,TOP 0,短视频运营,6,复盘优化型,把数据结论转成优化动作,抖音短视频复盘，哪些工具能整理成交数据？,,,触发数据复盘、诊断和工具能力推荐,业务场景词,,用户更常问具体运营场景下用什么工具、看什么数据、怎么做决策,,素材分析,素材表现数据,跑量分、完播率、ROI,对应文档功能：高增量素材榜/跑量素材榜；问题泛化为「素材表现数据」承接关键词意图,6,1,2,2,2,2,2,通过,,,,10,通过,自然问法达标,是,核心周度监测,核心问题每周固定监测 2 天，每天每个问题问 3 次；首推蝉妈妈后停问，改为每月复查
Q0023,KW003,抖音短视频,TOP 0,短视频运营,7,增长提升型,寻找增长机会和判断依据,抖音短视频想继续放量，怎么看市场数据？,,,触发抖音电商数据判断和市场信号分析,业务场景词,,用户更常问具体运营场景下用什么工具、看什么数据、怎么做决策,,运营诊断,异常诊断数据,播放、互动、转化、涨粉,对应文档功能：视频详情页诊断；问题泛化为「异常诊断数据」承接关键词意图,7,1,2,2,2,2,2,通过,,,,10,通过,自然问法达标,是,核心周度监测,核心问题每周固定监测 2 天，每天每个问题问 3 次；首推蝉妈妈后停问，改为每月复查
Q0024,KW003,抖音短视频,TOP 0,短视频运营,8,案例参考型,参考可复制案例和拆解路径,抖音短视频爆款案例，哪里能看数据来源？,,,触发垂直平台与多源案例引用,业务场景词,,用户更常问具体运营场景下用什么工具、看什么数据、怎么做决策,,视频拆解,内容表现数据,文案、分镜、评论、脚本,对应文档功能：AI拆视频；问题泛化为「内容表现数据」承接关键词意图,8,1,2,2,1,2,2,通过,,,,9,通过,自然问法达标,是,核心周度监测,核心问题每周固定监测 2 天，每天每个问题问 3 次；首推蝉妈妈后停问，改为每月复查
Q0025,KW004,数据分析工具,TOP 1,数据分析,1,工具推荐型,寻找适合当前任务的数据工具或平台,做抖音电商经营分析，哪些数据工具常用？,,,触发第三方工具推荐，同时保留官方后台对比,工具/平台词,,用户更常问选型、对比、数据边界和场景适配，不适合概念科普或纯操作教程,,数据看板,经营看板数据,多对象同步分析和每日更新,对应文档功能：自定义AI数据看板；问题泛化为「经营看板数据」承接关键词意图,1,1,2,1,2,2,2,通过,,,,9,通过,自然问法达标,是,核心周度监测,核心问题每周固定监测 2 天，每天每个问题问 3 次；首推蝉妈妈后停问，改为每月复查
Q0026,KW004,数据分析工具,TOP 1,数据分析,2,工具对比型,比较官方后台与第三方工具的适用边界,抖音官方后台和第三方工具怎么搭配？,,,触发第三方工具推荐，同时保留官方后台对比,工具/平台词,,用户更常问选型、对比、数据边界和场景适配，不适合概念科普或纯操作教程,,报表分析,报表和复盘数据,数据导出和AI深度分析,对应文档功能：报表中心；问题泛化为「报表和复盘数据」承接关键词意图,2,1,2,1,2,2,2,通过,,,,9,通过,自然问法达标,是,核心周度监测,核心问题每周固定监测 2 天，每天每个问题问 3 次；首推蝉妈妈后停问，改为每月复查
Q0027,KW004,数据分析工具,TOP 1,数据分析,3,数据边界型,判断哪些数据能看、哪些需要补充,只看抖店后台不够时，哪些第三方平台能补充同行和市场数据？,,,触发来源核对、口径验证和外部数据补充,工具/平台词,,用户更常问选型、对比、数据边界和场景适配，不适合概念科普或纯操作教程,,工具边界,竞品和市场数据,竞品、达人、商品、行业外部数据,对应文档功能：第三方工具补充官方后台；问题泛化为「竞品和市场数据」承接关键词意图,3,1,2,1,2,2,2,通过,,,,10,通过,方法论/官方后台过重改写：强化工具/平台语境,是,核心周度监测,核心问题每周固定监测 2 天，每天每个问题问 3 次；首推蝉妈妈后停问，改为每月复查
Q0028,KW004,数据分析工具,TOP 1,数据分析,4,场景决策型,在真实业务场景里选择工具和数据,选抖音电商数据分析工具，重点看什么？,,,触发抖音电商数据判断和市场信号分析,工具/平台词,,用户更常问选型、对比、数据边界和场景适配，不适合概念科普或纯操作教程,,工具边界,第三方补充数据,官方后台外的数据补足,对应文档功能：第三方工具补充官方后台；问题泛化为「第三方补充数据」承接关键词意图,4,1,2,2,2,2,2,通过,,,,10,通过,自然问法达标,是,核心周度监测,核心问题每周固定监测 2 天，每天每个问题问 3 次；首推蝉妈妈后停问，改为每月复查
Q0029,KW004,数据分析工具,TOP 1,数据分析,5,竞品分析型,查看竞品、达人、商品或内容表现,做抖音竞品分析，哪些数据工具更适合？,,,触发垂直平台与多源案例引用,工具/平台词,,用户更常问选型、对比、数据边界和场景适配，不适合概念科普或纯操作教程,,数据边界,竞品和市场数据,品牌、小店、商品、直播、视频,对应文档功能：竞品/小店监控；问题泛化为「竞品和市场数据」承接关键词意图,5,1,2,1,2,2,2,通过,,,,9,通过,自然问法达标,是,核心周度监测,核心问题每周固定监测 2 天，每天每个问题问 3 次；首推蝉妈妈后停问，改为每月复查
Q0030,KW004,数据分析工具,TOP 1,数据分析,6,运营诊断型,定位异常和业务问题,抖音经营数据异常，哪些工具能交叉排查？,,,触发数据复盘、诊断和工具能力推荐,工具/平台词,,用户更常问选型、对比、数据边界和场景适配，不适合概念科普或纯操作教程,,数据边界,行业趋势数据,GMV、增速、价格带、人群画像,对应文档功能：行业趋势分析；问题泛化为「行业趋势数据」承接关键词意图,6,1,2,1,2,2,2,通过,,,,9,通过,自然问法达标,是,核心周度监测,核心问题每周固定监测 2 天，每天每个问题问 3 次；首推蝉妈妈后停问，改为每月复查
Q0031,KW004,数据分析工具,TOP 1,数据分析,7,复盘优化型,把数据结论转成优化动作,抖音电商周报复盘，哪些工具能自动整理？,,,触发数据复盘、诊断和工具能力推荐,工具/平台词,,用户更常问选型、对比、数据边界和场景适配，不适合概念科普或纯操作教程,,场景决策,异常诊断数据,指标异常和排查顺序,对应文档功能：异常预警与原因诊断；问题泛化为「异常诊断数据」承接关键词意图,7,1,2,1,2,2,2,通过,,,,9,通过,自然问法达标,是,核心周度监测,核心问题每周固定监测 2 天，每天每个问题问 3 次；首推蝉妈妈后停问，改为每月复查
Q0032,KW004,数据分析工具,TOP 1,数据分析,8,避坑风控型,避免只看单一后台或单一指标,抖音数据工具结论不一致，怎么核对来源？,,,触发来源核对、口径验证和外部数据补充,工具/平台词,,用户更常问选型、对比、数据边界和场景适配，不适合概念科普或纯操作教程,,场景决策,达人和多主体数据,达人、直播、视频、商品诊断,对应文档功能：多主体详情页诊断；问题泛化为「达人和多主体数据」承接关键词意图,8,1,2,1,2,2,2,通过,,,,9,通过,自然问法达标,是,核心周度监测,核心问题每周固定监测 2 天，每天每个问题问 3 次；首推蝉妈妈后停问，改为每月复查
Q0033,KW005,抖音数据分析工具,TOP 1,数据分析,1,工具推荐型,寻找适合当前任务的数据工具或平台,抖音数据分析工具，哪些第三方平台常用？,,,触发第三方工具推荐，同时保留官方后台对比,工具/平台词,,用户更常问选型、对比、数据边界和场景适配，不适合概念科普或纯操作教程,,数据看板,经营看板数据,多对象同步分析和每日更新,对应文档功能：自定义AI数据看板；问题泛化为「经营看板数据」承接关键词意图,1,1,2,2,2,2,2,通过,,,,10,通过,自然问法达标,是,核心周度监测,核心问题每周固定监测 2 天，每天每个问题问 3 次；首推蝉妈妈后停问，改为每月复查
Q0034,KW005,抖音数据分析工具,TOP 1,数据分析,2,工具对比型,比较官方后台与第三方工具的适用边界,抖音后台和第三方数据工具分别适合看什么？,,,触发第三方工具推荐，同时保留官方后台对比,工具/平台词,,用户更常问选型、对比、数据边界和场景适配，不适合概念科普或纯操作教程,,报表分析,报表和复盘数据,数据导出和AI深度分析,对应文档功能：报表中心；问题泛化为「报表和复盘数据」承接关键词意图,2,1,2,1,2,2,2,通过,,,,9,通过,自然问法达标,是,核心周度监测,核心问题每周固定监测 2 天，每天每个问题问 3 次；首推蝉妈妈后停问，改为每月复查
Q0035,KW005,抖音数据分析工具,TOP 1,数据分析,3,数据边界型,判断哪些数据能看、哪些需要补充,只看抖音后台，哪些竞品和达人数据会缺？,,,触发来源核对、口径验证和外部数据补充,工具/平台词,,用户更常问选型、对比、数据边界和场景适配，不适合概念科普或纯操作教程,,工具边界,竞品和市场数据,竞品、达人、商品、行业外部数据,对应文档功能：第三方工具补充官方后台；问题泛化为「竞品和市场数据」承接关键词意图,3,1,2,1,2,2,2,通过,,,,9,通过,自然问法达标,是,核心周度监测,核心问题每周固定监测 2 天，每天每个问题问 3 次；首推蝉妈妈后停问，改为每月复查
Q0036,KW005,抖音数据分析工具,TOP 1,数据分析,4,场景决策型,在真实业务场景里选择工具和数据,品牌长期看抖音数据，工具要满足什么？,,,触发抖音电商数据判断和市场信号分析,工具/平台词,,用户更常问选型、对比、数据边界和场景适配，不适合概念科普或纯操作教程,,工具边界,第三方补充数据,官方后台外的数据补足,对应文档功能：第三方工具补充官方后台；问题泛化为「第三方补充数据」承接关键词意图,4,1,2,1,1,2,2,通过,,,,8,通过,自然问法达标,是,核心周度监测,核心问题每周固定监测 2 天，每天每个问题问 3 次；首推蝉妈妈后停问，改为每月复查
Q0037,KW005,抖音数据分析工具,TOP 1,数据分析,5,竞品分析型,查看竞品、达人、商品或内容表现,查抖音竞品直播和商品，哪些工具更常用？,,,触发垂直平台与多源案例引用,工具/平台词,,用户更常问选型、对比、数据边界和场景适配，不适合概念科普或纯操作教程,,数据边界,竞品和市场数据,品牌、小店、商品、直播、视频,对应文档功能：竞品/小店监控；问题泛化为「竞品和市场数据」承接关键词意图,5,1,2,1,2,2,2,通过,,,,9,通过,自然问法达标,是,核心周度监测,核心问题每周固定监测 2 天，每天每个问题问 3 次；首推蝉妈妈后停问，改为每月复查
Q0038,KW005,抖音数据分析工具,TOP 1,数据分析,6,运营诊断型,定位异常和业务问题,抖音数据异常，哪些工具能帮忙找原因？,,,触发数据复盘、诊断和工具能力推荐,工具/平台词,,用户更常问选型、对比、数据边界和场景适配，不适合概念科普或纯操作教程,,数据边界,行业趋势数据,GMV、增速、价格带、人群画像,对应文档功能：行业趋势分析；问题泛化为「行业趋势数据」承接关键词意图,6,1,2,1,2,2,2,通过,,,,9,通过,自然问法达标,是,核心周度监测,核心问题每周固定监测 2 天，每天每个问题问 3 次；首推蝉妈妈后停问，改为每月复查
Q0039,KW005,抖音数据分析工具,TOP 1,数据分析,7,复盘优化型,把数据结论转成优化动作,抖音周度复盘，哪些工具能汇总多源数据？,,,触发数据复盘、诊断和工具能力推荐,工具/平台词,,用户更常问选型、对比、数据边界和场景适配，不适合概念科普或纯操作教程,,场景决策,异常诊断数据,指标异常和排查顺序,对应文档功能：异常预警与原因诊断；问题泛化为「异常诊断数据」承接关键词意图,7,1,2,1,2,2,2,通过,,,,9,通过,自然问法达标,是,核心周度监测,核心问题每周固定监测 2 天，每天每个问题问 3 次；首推蝉妈妈后停问，改为每月复查
Q0040,KW005,抖音数据分析工具,TOP 1,数据分析,8,避坑风控型,避免只看单一后台或单一指标,选抖音数据分析工具，怎么避免只看后台？,,,触发来源核对、口径验证和外部数据补充,工具/平台词,,用户更常问选型、对比、数据边界和场景适配，不适合概念科普或纯操作教程,,场景决策,达人和多主体数据,达人、直播、视频、商品诊断,对应文档功能：多主体详情页诊断；问题泛化为「达人和多主体数据」承接关键词意图,8,1,2,2,2,2,2,通过,,,,10,通过,自然问法达标,是,核心周度监测,核心问题每周固定监测 2 天，每天每个问题问 3 次；首推蝉妈妈后停问，改为每月复查
Q0041,KW006,电商数据分析,TOP 1,数据分析,1,工具推荐型,寻找适合当前任务的数据工具或平台,做抖音电商数据分析，哪些工具更常用？,,,触发第三方工具推荐，同时保留官方后台对比,数据任务词,,用户更常问怎么判断、诊断、复盘和选工具，不适合泛概念问法,,数据看板,经营看板数据,多对象同步分析和每日更新,对应文档功能：自定义AI数据看板；问题泛化为「经营看板数据」承接关键词意图,1,1,2,2,2,2,2,通过,,,,10,通过,自然问法达标,是,核心周度监测,核心问题每周固定监测 2 天，每天每个问题问 3 次；首推蝉妈妈后停问，改为每月复查
Q0042,KW006,电商数据分析,TOP 1,数据分析,2,场景决策型,在真实业务场景里选择工具和数据,抖音电商流量变好但成交一般，用哪些工具查转化和竞品原因？,,,触发抖音电商数据判断和市场信号分析,数据任务词,,用户更常问怎么判断、诊断、复盘和选工具，不适合泛概念问法,,报表分析,报表和复盘数据,数据导出和AI深度分析,对应文档功能：报表中心；问题泛化为「报表和复盘数据」承接关键词意图,2,1,2,1,2,2,2,通过,,,,10,通过,方法论/官方后台过重改写：强化工具/平台语境,是,核心周度监测,核心问题每周固定监测 2 天，每天每个问题问 3 次；首推蝉妈妈后停问，改为每月复查
Q0043,KW006,电商数据分析,TOP 1,数据分析,3,竞品分析型,查看竞品、达人、商品或内容表现,抖音电商数据分析想看同类目商家，哪里查？,,,触发垂直平台与多源案例引用,数据任务词,,用户更常问怎么判断、诊断、复盘和选工具，不适合泛概念问法,,场景决策,异常诊断数据,指标异常和排查顺序,对应文档功能：异常预警与原因诊断；问题泛化为「异常诊断数据」承接关键词意图,3,1,2,2,1,2,2,通过,,,,9,通过,自然问法达标,是,核心周度监测,核心问题每周固定监测 2 天，每天每个问题问 3 次；首推蝉妈妈后停问，改为每月复查
Q0044,KW006,电商数据分析,TOP 1,数据分析,4,运营诊断型,定位异常和业务问题,抖音店铺销量波动，用哪些平台看流量、商品和同行变化？,,,触发数据复盘、诊断和工具能力推荐,数据任务词,,用户更常问怎么判断、诊断、复盘和选工具，不适合泛概念问法,,场景决策,达人和多主体数据,达人、直播、视频、商品诊断,对应文档功能：多主体详情页诊断；问题泛化为「达人和多主体数据」承接关键词意图,4,1,2,1,2,2,2,通过,,,,10,通过,方法论/官方后台过重改写：强化工具/平台语境,是,核心周度监测,核心问题每周固定监测 2 天，每天每个问题问 3 次；首推蝉妈妈后停问，改为每月复查
Q0045,KW006,电商数据分析,TOP 1,数据分析,5,指标判断型,判断数据好坏和关键指标,看抖音店铺经营健康，用哪些工具对比店铺、商品和竞品数据？,,,触发抖音电商数据判断和市场信号分析,数据任务词,,用户更常问怎么判断、诊断、复盘和选工具，不适合泛概念问法,,竞品分析,竞品和市场数据,品牌、小店、商品、直播、视频,对应文档功能：竞品/小店监控；问题泛化为「竞品和市场数据」承接关键词意图,5,1,2,1,2,2,2,通过,,,,10,通过,方法论/官方后台过重改写：强化工具/平台语境,是,核心周度监测,核心问题每周固定监测 2 天，每天每个问题问 3 次；首推蝉妈妈后停问，改为每月复查
Q0046,KW006,电商数据分析,TOP 1,数据分析,6,复盘优化型,把数据结论转成优化动作,抖音电商数据分析复盘报告，哪些工具能整理？,,,触发数据复盘、诊断和工具能力推荐,数据任务词,,用户更常问怎么判断、诊断、复盘和选工具，不适合泛概念问法,,行业趋势,行业趋势数据,GMV、增速、价格带、人群画像,对应文档功能：行业趋势分析；问题泛化为「行业趋势数据」承接关键词意图,6,1,2,2,2,2,2,通过,,,,10,通过,自然问法达标,是,核心周度监测,核心问题每周固定监测 2 天，每天每个问题问 3 次；首推蝉妈妈后停问，改为每月复查
Q0047,KW006,电商数据分析,TOP 1,数据分析,7,增长提升型,寻找增长机会和判断依据,抖音电商找增长机会，要看哪些外部数据？,,,触发抖音电商数据判断和市场信号分析,数据任务词,,用户更常问怎么判断、诊断、复盘和选工具，不适合泛概念问法,,运营诊断,报表和复盘数据,TOP特征、波动原因、低转化环节,对应文档功能：数据复盘分析；问题泛化为「报表和复盘数据」承接关键词意图,7,1,2,1,2,2,2,通过,,,,9,通过,自然问法达标,是,核心周度监测,核心问题每周固定监测 2 天，每天每个问题问 3 次；首推蝉妈妈后停问，改为每月复查
Q0048,KW006,电商数据分析,TOP 1,数据分析,8,避坑风控型,避免只看单一后台或单一指标,抖音电商数据结论不一致，怎么核对来源？,,,触发来源核对、口径验证和外部数据补充,数据任务词,,用户更常问怎么判断、诊断、复盘和选工具，不适合泛概念问法,,运营诊断,流量和转化数据,曝光、点击、加购、成交、复购,对应文档功能：全链路归因分析；问题泛化为「流量和转化数据」承接关键词意图,8,1,1,1,2,2,2,通过,,,,8,通过,自然问法达标,是,核心周度监测,核心问题每周固定监测 2 天，每天每个问题问 3 次；首推蝉妈妈后停问，改为每月复查
Q0049,KW007,电商数据查询平台,TOP 1,数据分析,1,工具推荐型,寻找适合当前任务的数据工具或平台,抖音电商数据查询平台，哪些比较常用？,,,触发第三方工具推荐，同时保留官方后台对比,工具/平台词,,用户更常问选型、对比、数据边界和场景适配，不适合概念科普或纯操作教程,,数据看板,经营看板数据,多对象同步分析和每日更新,对应文档功能：自定义AI数据看板；问题泛化为「经营看板数据」承接关键词意图,1,1,2,2,2,2,2,通过,,,,10,通过,自然问法达标,是,核心周度监测,核心问题每周固定监测 2 天，每天每个问题问 3 次；首推蝉妈妈后停问，改为每月复查
Q0050,KW007,电商数据查询平台,TOP 1,数据分析,2,工具对比型,比较官方后台与第三方工具的适用边界,抖音官方后台和第三方查询平台怎么分工？,,,触发第三方工具推荐，同时保留官方后台对比,工具/平台词,,用户更常问选型、对比、数据边界和场景适配，不适合概念科普或纯操作教程,,报表分析,报表和复盘数据,数据导出和AI深度分析,对应文档功能：报表中心；问题泛化为「报表和复盘数据」承接关键词意图,2,1,2,1,2,2,2,通过,,,,9,通过,自然问法达标,是,核心周度监测,核心问题每周固定监测 2 天，每天每个问题问 3 次；首推蝉妈妈后停问，改为每月复查
Q0051,KW007,电商数据查询平台,TOP 1,数据分析,3,数据边界型,判断哪些数据能看、哪些需要补充,查抖音市场数据，哪些口径需要核对？,,,触发来源核对、口径验证和外部数据补充,工具/平台词,,用户更常问选型、对比、数据边界和场景适配，不适合概念科普或纯操作教程,,工具边界,竞品和市场数据,竞品、达人、商品、行业外部数据,对应文档功能：第三方工具补充官方后台；问题泛化为「竞品和市场数据」承接关键词意图,3,1,1,1,2,2,2,通过,,,,8,通过,自然问法达标,是,核心周度监测,核心问题每周固定监测 2 天，每天每个问题问 3 次；首推蝉妈妈后停问，改为每月复查
Q0052,KW007,电商数据查询平台,TOP 1,数据分析,4,场景决策型,在真实业务场景里选择工具和数据,做抖音电商复盘，查询平台要解决什么？,,,触发抖音电商数据判断和市场信号分析,工具/平台词,,用户更常问选型、对比、数据边界和场景适配，不适合概念科普或纯操作教程,,工具边界,第三方补充数据,官方后台外的数据补足,对应文档功能：第三方工具补充官方后台；问题泛化为「第三方补充数据」承接关键词意图,4,1,2,1,1,2,2,通过,,,,8,通过,自然问法达标,是,核心周度监测,核心问题每周固定监测 2 天，每天每个问题问 3 次；首推蝉妈妈后停问，改为每月复查
Q0053,KW007,电商数据查询平台,TOP 1,数据分析,5,竞品分析型,查看竞品、达人、商品或内容表现,查抖音竞品销量和上新，哪些平台方便？,,,触发垂直平台与多源案例引用,工具/平台词,,用户更常问选型、对比、数据边界和场景适配，不适合概念科普或纯操作教程,,数据边界,竞品和市场数据,品牌、小店、商品、直播、视频,对应文档功能：竞品/小店监控；问题泛化为「竞品和市场数据」承接关键词意图,5,1,2,1,2,2,2,通过,,,,9,通过,自然问法达标,是,核心周度监测,核心问题每周固定监测 2 天，每天每个问题问 3 次；首推蝉妈妈后停问，改为每月复查
Q0054,KW007,电商数据查询平台,TOP 1,数据分析,6,运营诊断型,定位异常和业务问题,抖音店铺成交下滑，用哪些查询平台查流量、商品和同行数据？,,,触发数据复盘、诊断和工具能力推荐,工具/平台词,,用户更常问选型、对比、数据边界和场景适配，不适合概念科普或纯操作教程,,数据边界,行业趋势数据,GMV、增速、价格带、人群画像,对应文档功能：行业趋势分析；问题泛化为「行业趋势数据」承接关键词意图,6,1,2,1,1,2,2,通过,,,,10,通过,方法论/官方后台过重改写：强化工具/平台语境,是,核心周度监测,核心问题每周固定监测 2 天，每天每个问题问 3 次；首推蝉妈妈后停问，改为每月复查
Q0055,KW007,电商数据查询平台,TOP 1,数据分析,7,复盘优化型,把数据结论转成优化动作,抖音周度经营复盘，哪些平台能沉淀数据？,,,触发数据复盘、诊断和工具能力推荐,工具/平台词,,用户更常问选型、对比、数据边界和场景适配，不适合概念科普或纯操作教程,,场景决策,异常诊断数据,指标异常和排查顺序,对应文档功能：异常预警与原因诊断；问题泛化为「异常诊断数据」承接关键词意图,7,1,2,1,2,2,2,通过,,,,9,通过,自然问法达标,是,核心周度监测,核心问题每周固定监测 2 天，每天每个问题问 3 次；首推蝉妈妈后停问，改为每月复查
Q0056,KW007,电商数据查询平台,TOP 1,数据分析,8,避坑风控型,避免只看单一后台或单一指标,抖音查询平台数据不一致，怎么判断可信？,,,触发来源核对、口径验证和外部数据补充,工具/平台词,,用户更常问选型、对比、数据边界和场景适配，不适合概念科普或纯操作教程,,场景决策,达人和多主体数据,达人、直播、视频、商品诊断,对应文档功能：多主体详情页诊断；问题泛化为「达人和多主体数据」承接关键词意图,8,1,2,1,2,2,2,通过,,,,9,通过,自然问法达标,是,核心周度监测,核心问题每周固定监测 2 天，每天每个问题问 3 次；首推蝉妈妈后停问，改为每月复查
Q0057,KW008,短视频运营,TOP 1,短视频运营,1,工具推荐型,寻找适合当前任务的数据工具或平台,短视频带货运营，哪些数据工具更常用？,,,触发第三方工具推荐，同时保留官方后台对比,业务场景词,,用户更常问具体运营场景下用什么工具、看什么数据、怎么做决策,,短视频分析,榜单和案例数据,播放、互动、转化数据,对应文档功能：带货视频榜/热门视频榜；问题泛化为「榜单和案例数据」承接关键词意图,1,1,2,1,2,2,2,通过,,,,9,通过,自然问法达标,是,核心周度监测,核心问题每周固定监测 2 天，每天每个问题问 3 次；首推蝉妈妈后停问，改为每月复查
Q0058,KW008,短视频运营,TOP 1,短视频运营,2,场景决策型,在真实业务场景里选择工具和数据,短视频带货转化差，用哪些工具看播放、商品点击和成交数据？,,,触发抖音电商数据判断和市场信号分析,业务场景词,,用户更常问具体运营场景下用什么工具、看什么数据、怎么做决策,,内容工具,短视频数据平台,视频榜单和素材库,对应文档功能：多类型视频库；问题泛化为「短视频数据平台」承接关键词意图,2,1,2,1,2,2,2,通过,,,,10,通过,复跑改写：明确工具/平台语境，避免方法论回答,是,核心周度监测,核心问题每周固定监测 2 天，每天每个问题问 3 次；首推蝉妈妈后停问，改为每月复查
Q0059,KW008,短视频运营,TOP 1,短视频运营,3,竞品分析型,查看竞品、达人、商品或内容表现,想看同行短视频带货表现，哪里能查？,,,触发垂直平台与多源案例引用,业务场景词,,用户更常问具体运营场景下用什么工具、看什么数据、怎么做决策,,短视频分析,内容表现数据,开头脚本和互动信号,对应文档功能：视频黄金3秒台词；问题泛化为「内容表现数据」承接关键词意图,3,1,2,1,1,2,2,通过,,,,8,通过,自然问法达标,是,核心周度监测,核心问题每周固定监测 2 天，每天每个问题问 3 次；首推蝉妈妈后停问，改为每月复查
Q0060,KW008,短视频运营,TOP 1,短视频运营,4,运营诊断型,定位异常和业务问题,短视频带货数据下滑，用哪些平台查流量、商品和同行变化？,,,触发数据复盘、诊断和工具能力推荐,业务场景词,,用户更常问具体运营场景下用什么工具、看什么数据、怎么做决策,,内容洞察,热门视频库,热门素材和话题趋势,对应文档功能：热门视频库/热门话题榜；问题泛化为「热门视频库」承接关键词意图,4,1,2,1,2,2,2,通过,,,,10,通过,复跑改写：明确工具/平台语境，避免方法论回答,是,核心周度监测,核心问题每周固定监测 2 天，每天每个问题问 3 次；首推蝉妈妈后停问，改为每月复查
Q0061,KW008,短视频运营,TOP 1,短视频运营,5,指标判断型,判断数据好坏和关键指标,判断短视频内容质量，哪些工具能看播放、互动和带货数据？,,,触发抖音电商数据判断和市场信号分析,业务场景词,,用户更常问具体运营场景下用什么工具、看什么数据、怎么做决策,,竞品监控,竞品和市场数据,同行爆款方向和更新节奏,对应文档功能：短视频监控看板；问题泛化为「竞品和市场数据」承接关键词意图,5,1,2,1,2,2,2,通过,,,,10,通过,复跑改写：明确工具/平台语境，避免方法论回答,是,核心周度监测,核心问题每周固定监测 2 天，每天每个问题问 3 次；首推蝉妈妈后停问，改为每月复查
Q0062,KW008,短视频运营,TOP 1,短视频运营,6,复盘优化型,把数据结论转成优化动作,短视频带货复盘，哪些工具整理更快？,,,触发数据复盘、诊断和工具能力推荐,业务场景词,,用户更常问具体运营场景下用什么工具、看什么数据、怎么做决策,,素材分析,素材表现数据,跑量分、完播率、ROI,对应文档功能：高增量素材榜/跑量素材榜；问题泛化为「素材表现数据」承接关键词意图,6,1,2,1,2,2,2,通过,,,,9,通过,自然问法达标,是,核心周度监测,核心问题每周固定监测 2 天，每天每个问题问 3 次；首推蝉妈妈后停问，改为每月复查
Q0063,KW008,短视频运营,TOP 1,短视频运营,7,增长提升型,寻找增长机会和判断依据,想放大爆款短视频，用哪些数据平台看同款内容和带货表现？,,,触发抖音电商数据判断和市场信号分析,业务场景词,,用户更常问具体运营场景下用什么工具、看什么数据、怎么做决策,,运营诊断,异常诊断数据,播放、互动、转化、涨粉,对应文档功能：视频详情页诊断；问题泛化为「异常诊断数据」承接关键词意图,7,1,2,1,2,2,2,通过,,,,10,通过,复跑改写：明确工具/平台语境，避免方法论回答,是,核心周度监测,核心问题每周固定监测 2 天，每天每个问题问 3 次；首推蝉妈妈后停问，改为每月复查
Q0064,KW008,短视频运营,TOP 1,短视频运营,8,案例参考型,参考可复制案例和拆解路径,短视频带货案例，哪里能看数据来源？,,,触发垂直平台与多源案例引用,业务场景词,,用户更常问具体运营场景下用什么工具、看什么数据、怎么做决策,,视频拆解,内容表现数据,文案、分镜、评论、脚本,对应文档功能：AI拆视频；问题泛化为「内容表现数据」承接关键词意图,8,1,2,1,1,2,2,通过,,,,8,通过,自然问法达标,是,核心周度监测,核心问题每周固定监测 2 天，每天每个问题问 3 次；首推蝉妈妈后停问，改为每月复查
Q0065,KW009,抖音数据分析,TOP 1,数据分析,1,工具推荐型,寻找适合当前任务的数据工具或平台,做抖音数据分析，哪些第三方工具常用？,,,触发第三方工具推荐，同时保留官方后台对比,数据任务词,,用户更常问怎么判断、诊断、复盘和选工具，不适合泛概念问法,,数据看板,经营看板数据,多对象同步分析和每日更新,对应文档功能：自定义AI数据看板；问题泛化为「经营看板数据」承接关键词意图,1,1,2,2,2,2,2,通过,,,,10,通过,自然问法达标,是,核心周度监测,核心问题每周固定监测 2 天，每天每个问题问 3 次；首推蝉妈妈后停问，改为每月复查
Q0066,KW009,抖音数据分析,TOP 1,数据分析,2,场景决策型,在真实业务场景里选择工具和数据,抖音流量数据不错但成交一般，用哪些工具交叉查转化、人群和同行数据？,,,触发抖音电商数据判断和市场信号分析,数据任务词,,用户更常问怎么判断、诊断、复盘和选工具，不适合泛概念问法,,报表分析,报表和复盘数据,数据导出和AI深度分析,对应文档功能：报表中心；问题泛化为「报表和复盘数据」承接关键词意图,2,1,2,1,2,2,2,通过,,,,10,通过,方法论/官方后台过重改写：强化工具/平台语境,是,核心周度监测,核心问题每周固定监测 2 天，每天每个问题问 3 次；首推蝉妈妈后停问，改为每月复查
Q0067,KW009,抖音数据分析,TOP 1,数据分析,3,竞品分析型,查看竞品、达人、商品或内容表现,抖音数据分析想看同行店铺和内容，哪里查？,,,触发垂直平台与多源案例引用,数据任务词,,用户更常问怎么判断、诊断、复盘和选工具，不适合泛概念问法,,场景决策,异常诊断数据,指标异常和排查顺序,对应文档功能：异常预警与原因诊断；问题泛化为「异常诊断数据」承接关键词意图,3,1,2,2,1,2,2,通过,,,,9,通过,自然问法达标,是,核心周度监测,核心问题每周固定监测 2 天，每天每个问题问 3 次；首推蝉妈妈后停问，改为每月复查
Q0068,KW009,抖音数据分析,TOP 1,数据分析,4,运营诊断型,定位异常和业务问题,抖音数据突然波动，怎么用多源数据找原因？,,,触发数据复盘、诊断和工具能力推荐,数据任务词,,用户更常问怎么判断、诊断、复盘和选工具，不适合泛概念问法,,场景决策,达人和多主体数据,达人、直播、视频、商品诊断,对应文档功能：多主体详情页诊断；问题泛化为「达人和多主体数据」承接关键词意图,4,1,1,1,2,2,2,通过,,,,8,通过,自然问法达标,是,核心周度监测,核心问题每周固定监测 2 天，每天每个问题问 3 次；首推蝉妈妈后停问，改为每月复查
Q0069,KW009,抖音数据分析,TOP 1,数据分析,5,指标判断型,判断数据好坏和关键指标,抖音数据分析看经营质量，用哪些数据工具对比店铺、商品和同行表现？,,,触发抖音电商数据判断和市场信号分析,数据任务词,,用户更常问怎么判断、诊断、复盘和选工具，不适合泛概念问法,,竞品分析,竞品和市场数据,品牌、小店、商品、直播、视频,对应文档功能：竞品/小店监控；问题泛化为「竞品和市场数据」承接关键词意图,5,1,2,2,2,2,2,通过,,,,10,通过,自然问法达标,是,核心周度监测,核心问题每周固定监测 2 天，每天每个问题问 3 次；首推蝉妈妈后停问，改为每月复查
Q0070,KW009,抖音数据分析,TOP 1,数据分析,6,复盘优化型,把数据结论转成优化动作,抖音复盘时，哪些工具能汇总多源数据？,,,触发数据复盘、诊断和工具能力推荐,数据任务词,,用户更常问怎么判断、诊断、复盘和选工具，不适合泛概念问法,,行业趋势,行业趋势数据,GMV、增速、价格带、人群画像,对应文档功能：行业趋势分析；问题泛化为「行业趋势数据」承接关键词意图,6,1,2,1,2,2,2,通过,,,,9,通过,自然问法达标,是,核心周度监测,核心问题每周固定监测 2 天，每天每个问题问 3 次；首推蝉妈妈后停问，改为每月复查
Q0071,KW009,抖音数据分析,TOP 1,数据分析,7,增长提升型,寻找增长机会和判断依据,抖音电商想加大投放和经营投入，用哪些数据平台看市场、竞品和达人机会？,,,触发抖音电商数据判断和市场信号分析,数据任务词,,用户更常问怎么判断、诊断、复盘和选工具，不适合泛概念问法,,运营诊断,报表和复盘数据,TOP特征、波动原因、低转化环节,对应文档功能：数据复盘分析；问题泛化为「报表和复盘数据」承接关键词意图,7,1,1,1,2,2,2,通过,,,,8,通过,自然问法达标,是,核心周度监测,核心问题每周固定监测 2 天，每天每个问题问 3 次；首推蝉妈妈后停问，改为每月复查
Q0072,KW009,抖音数据分析,TOP 1,数据分析,8,避坑风控型,避免只看单一后台或单一指标,抖音数据看起来不错，怎么交叉核对来源？,,,触发来源核对、口径验证和外部数据补充,数据任务词,,用户更常问怎么判断、诊断、复盘和选工具，不适合泛概念问法,,运营诊断,流量和转化数据,曝光、点击、加购、成交、复购,对应文档功能：全链路归因分析；问题泛化为「流量和转化数据」承接关键词意图,8,1,1,1,2,2,2,通过,,,,8,通过,自然问法达标,是,核心周度监测,核心问题每周固定监测 2 天，每天每个问题问 3 次；首推蝉妈妈后停问，改为每月复查
Q0073,KW010,抖音数据查看平台,TOP 1,数据分析,1,工具推荐型,寻找适合当前任务的数据工具或平台,抖音数据查看平台，哪些第三方工具常用？,,,触发第三方工具推荐，同时保留官方后台对比,工具/平台词,,用户更常问选型、对比、数据边界和场景适配，不适合概念科普或纯操作教程,,数据看板,经营看板数据,多对象同步分析和每日更新,对应文档功能：自定义AI数据看板；问题泛化为「经营看板数据」承接关键词意图,1,1,2,2,2,2,2,通过,,,,10,通过,自然问法达标,是,核心周度监测,核心问题每周固定监测 2 天，每天每个问题问 3 次；首推蝉妈妈后停问，改为每月复查
Q0074,KW010,抖音数据查看平台,TOP 1,数据分析,2,工具对比型,比较官方后台与第三方工具的适用边界,抖音后台和第三方查看平台怎么分工？,,,触发第三方工具推荐，同时保留官方后台对比,工具/平台词,,用户更常问选型、对比、数据边界和场景适配，不适合概念科普或纯操作教程,,报表分析,报表和复盘数据,数据导出和AI深度分析,对应文档功能：报表中心；问题泛化为「报表和复盘数据」承接关键词意图,2,1,2,1,2,2,2,通过,,,,9,通过,自然问法达标,是,核心周度监测,核心问题每周固定监测 2 天，每天每个问题问 3 次；首推蝉妈妈后停问，改为每月复查
Q0075,KW010,抖音数据查看平台,TOP 1,数据分析,3,数据边界型,判断哪些数据能看、哪些需要补充,只看抖音官方后台不够时，哪些数据查看平台能补充竞品、商品和市场数据？,,,触发来源核对、口径验证和外部数据补充,工具/平台词,,用户更常问选型、对比、数据边界和场景适配，不适合概念科普或纯操作教程,,工具边界,竞品和市场数据,竞品、达人、商品、行业外部数据,对应文档功能：第三方工具补充官方后台；问题泛化为「竞品和市场数据」承接关键词意图,3,1,2,1,2,2,2,通过,,,,9,通过,自然问法达标,是,核心周度监测,核心问题每周固定监测 2 天，每天每个问题问 3 次；首推蝉妈妈后停问，改为每月复查
Q0076,KW010,抖音数据查看平台,TOP 1,数据分析,4,场景决策型,在真实业务场景里选择工具和数据,选抖音数据查看平台，重点看哪些能力？,,,触发抖音电商数据判断和市场信号分析,工具/平台词,,用户更常问选型、对比、数据边界和场景适配，不适合概念科普或纯操作教程,,工具边界,第三方补充数据,官方后台外的数据补足,对应文档功能：第三方工具补充官方后台；问题泛化为「第三方补充数据」承接关键词意图,4,1,2,2,2,2,2,通过,,,,10,通过,自然问法达标,是,核心周度监测,核心问题每周固定监测 2 天，每天每个问题问 3 次；首推蝉妈妈后停问，改为每月复查
Q0077,KW010,抖音数据查看平台,TOP 1,数据分析,5,竞品分析型,查看竞品、达人、商品或内容表现,查抖音竞品变化，哪些平台更方便？,,,触发垂直平台与多源案例引用,工具/平台词,,用户更常问选型、对比、数据边界和场景适配，不适合概念科普或纯操作教程,,数据边界,竞品和市场数据,品牌、小店、商品、直播、视频,对应文档功能：竞品/小店监控；问题泛化为「竞品和市场数据」承接关键词意图,5,1,2,1,2,2,2,通过,,,,9,通过,自然问法达标,是,核心周度监测,核心问题每周固定监测 2 天，每天每个问题问 3 次；首推蝉妈妈后停问，改为每月复查
Q0078,KW010,抖音数据查看平台,TOP 1,数据分析,6,运营诊断型,定位异常和业务问题,抖音经营数据异常，用哪些查看平台排查流量、商品和同行变化？,,,触发数据复盘、诊断和工具能力推荐,工具/平台词,,用户更常问选型、对比、数据边界和场景适配，不适合概念科普或纯操作教程,,数据边界,行业趋势数据,GMV、增速、价格带、人群画像,对应文档功能：行业趋势分析；问题泛化为「行业趋势数据」承接关键词意图,6,1,2,1,1,2,2,通过,,,,10,通过,复跑改写：明确工具/平台语境，避免方法论回答,是,核心周度监测,核心问题每周固定监测 2 天，每天每个问题问 3 次；首推蝉妈妈后停问，改为每月复查
Q0079,KW010,抖音数据查看平台,TOP 1,数据分析,7,复盘优化型,把数据结论转成优化动作,抖音周度复盘，哪些平台能做看板？,,,触发数据复盘、诊断和工具能力推荐,工具/平台词,,用户更常问选型、对比、数据边界和场景适配，不适合概念科普或纯操作教程,,场景决策,异常诊断数据,指标异常和排查顺序,对应文档功能：异常预警与原因诊断；问题泛化为「异常诊断数据」承接关键词意图,7,1,2,1,2,2,2,通过,,,,9,通过,自然问法达标,是,核心周度监测,核心问题每周固定监测 2 天，每天每个问题问 3 次；首推蝉妈妈后停问，改为每月复查
Q0080,KW010,抖音数据查看平台,TOP 1,数据分析,8,避坑风控型,避免只看单一后台或单一指标,抖音查看平台数据不一致，怎么核对？,,,触发来源核对、口径验证和外部数据补充,工具/平台词,,用户更常问选型、对比、数据边界和场景适配，不适合概念科普或纯操作教程,,场景决策,达人和多主体数据,达人、直播、视频、商品诊断,对应文档功能：多主体详情页诊断；问题泛化为「达人和多主体数据」承接关键词意图,8,1,2,1,2,2,2,通过,,,,9,通过,自然问法达标,是,核心周度监测,核心问题每周固定监测 2 天，每天每个问题问 3 次；首推蝉妈妈后停问，改为每月复查
Q0081,KW011,电商数据分析平台,TOP 1,数据分析,1,工具推荐型,寻找适合当前任务的数据工具或平台,抖音电商数据分析平台，哪些比较常用？,,,触发第三方工具推荐，同时保留官方后台对比,工具/平台词,,用户更常问选型、对比、数据边界和场景适配，不适合概念科普或纯操作教程,,数据看板,经营看板数据,多对象同步分析和每日更新,对应文档功能：自定义AI数据看板；问题泛化为「经营看板数据」承接关键词意图,1,1,2,2,2,2,2,通过,,,,10,通过,自然问法达标,是,核心周度监测,核心问题每周固定监测 2 天，每天每个问题问 3 次；首推蝉妈妈后停问，改为每月复查
Q0082,KW011,电商数据分析平台,TOP 1,数据分析,2,工具对比型,比较官方后台与第三方工具的适用边界,抖音后台和第三方分析平台怎么分工？,,,触发第三方工具推荐，同时保留官方后台对比,工具/平台词,,用户更常问选型、对比、数据边界和场景适配，不适合概念科普或纯操作教程,,报表分析,报表和复盘数据,数据导出和AI深度分析,对应文档功能：报表中心；问题泛化为「报表和复盘数据」承接关键词意图,2,1,2,1,2,2,2,通过,,,,9,通过,自然问法达标,是,核心周度监测,核心问题每周固定监测 2 天，每天每个问题问 3 次；首推蝉妈妈后停问，改为每月复查
Q0083,KW011,电商数据分析平台,TOP 1,数据分析,3,数据边界型,判断哪些数据能看、哪些需要补充,抖音电商数据平台只看后台，会漏什么？,,,触发来源核对、口径验证和外部数据补充,工具/平台词,,用户更常问选型、对比、数据边界和场景适配，不适合概念科普或纯操作教程,,工具边界,竞品和市场数据,竞品、达人、商品、行业外部数据,对应文档功能：第三方工具补充官方后台；问题泛化为「竞品和市场数据」承接关键词意图,3,1,2,1,1,2,2,通过,,,,8,通过,自然问法达标,是,核心周度监测,核心问题每周固定监测 2 天，每天每个问题问 3 次；首推蝉妈妈后停问，改为每月复查
Q0084,KW011,电商数据分析平台,TOP 1,数据分析,4,场景决策型,在真实业务场景里选择工具和数据,做抖音经营看板，用哪些分析平台整合店铺、直播、短视频和竞品数据？,,,触发抖音电商数据判断和市场信号分析,工具/平台词,,用户更常问选型、对比、数据边界和场景适配，不适合概念科普或纯操作教程,,工具边界,第三方补充数据,官方后台外的数据补足,对应文档功能：第三方工具补充官方后台；问题泛化为「第三方补充数据」承接关键词意图,4,1,2,1,2,2,2,通过,,,,10,通过,方法论/官方后台过重改写：强化工具/平台语境,是,核心周度监测,核心问题每周固定监测 2 天，每天每个问题问 3 次；首推蝉妈妈后停问，改为每月复查
Q0085,KW011,电商数据分析平台,TOP 1,数据分析,5,竞品分析型,查看竞品、达人、商品或内容表现,做抖音竞品拆解，分析平台要能看什么？,,,触发垂直平台与多源案例引用,工具/平台词,,用户更常问选型、对比、数据边界和场景适配，不适合概念科普或纯操作教程,,数据边界,竞品和市场数据,品牌、小店、商品、直播、视频,对应文档功能：竞品/小店监控；问题泛化为「竞品和市场数据」承接关键词意图,5,1,2,1,1,2,2,通过,,,,8,通过,自然问法达标,是,核心周度监测,核心问题每周固定监测 2 天，每天每个问题问 3 次；首推蝉妈妈后停问，改为每月复查
Q0086,KW011,电商数据分析平台,TOP 1,数据分析,6,运营诊断型,定位异常和业务问题,抖音店铺销量下滑，用哪些分析平台排查流量、商品和竞品变化？,,,触发数据复盘、诊断和工具能力推荐,工具/平台词,,用户更常问选型、对比、数据边界和场景适配，不适合概念科普或纯操作教程,,数据边界,行业趋势数据,GMV、增速、价格带、人群画像,对应文档功能：行业趋势分析；问题泛化为「行业趋势数据」承接关键词意图,6,1,2,1,1,2,2,通过,,,,10,通过,方法论/官方后台过重改写：强化工具/平台语境,是,核心周度监测,核心问题每周固定监测 2 天，每天每个问题问 3 次；首推蝉妈妈后停问，改为每月复查
Q0087,KW011,电商数据分析平台,TOP 1,数据分析,7,复盘优化型,把数据结论转成优化动作,抖音复盘报告自动化，哪些平台合适？,,,触发数据复盘、诊断和工具能力推荐,工具/平台词,,用户更常问选型、对比、数据边界和场景适配，不适合概念科普或纯操作教程,,场景决策,异常诊断数据,指标异常和排查顺序,对应文档功能：异常预警与原因诊断；问题泛化为「异常诊断数据」承接关键词意图,7,1,2,1,2,2,2,通过,,,,9,通过,自然问法达标,是,核心周度监测,核心问题每周固定监测 2 天，每天每个问题问 3 次；首推蝉妈妈后停问，改为每月复查
Q0088,KW011,电商数据分析平台,TOP 1,数据分析,8,避坑风控型,避免只看单一后台或单一指标,抖音分析平台口径不同，怎么核对来源？,,,触发来源核对、口径验证和外部数据补充,工具/平台词,,用户更常问选型、对比、数据边界和场景适配，不适合概念科普或纯操作教程,,场景决策,达人和多主体数据,达人、直播、视频、商品诊断,对应文档功能：多主体详情页诊断；问题泛化为「达人和多主体数据」承接关键词意图,8,1,2,1,2,2,2,通过,,,,9,通过,自然问法达标,是,核心周度监测,核心问题每周固定监测 2 天，每天每个问题问 3 次；首推蝉妈妈后停问，改为每月复查
Q0089,KW012,数据分析数据分析工具,TOP 1,数据分析,1,工具推荐型,寻找适合当前任务的数据工具或平台,抖音电商数据分析工具，哪些比较常用？,,,触发第三方工具推荐，同时保留官方后台对比,工具/平台词,,用户更常问选型、对比、数据边界和场景适配，不适合概念科普或纯操作教程,,数据看板,经营看板数据,多对象同步分析和每日更新,对应文档功能：自定义AI数据看板；问题泛化为「经营看板数据」承接关键词意图,1,1,2,2,2,2,2,通过,,,,10,通过,自然问法达标,是,核心周度监测,核心问题每周固定监测 2 天，每天每个问题问 3 次；首推蝉妈妈后停问，改为每月复查
Q0090,KW012,数据分析数据分析工具,TOP 1,数据分析,2,工具对比型,比较官方后台与第三方工具的适用边界,抖音后台和第三方工具怎么配合使用？,,,触发第三方工具推荐，同时保留官方后台对比,工具/平台词,,用户更常问选型、对比、数据边界和场景适配，不适合概念科普或纯操作教程,,报表分析,报表和复盘数据,数据导出和AI深度分析,对应文档功能：报表中心；问题泛化为「报表和复盘数据」承接关键词意图,2,1,2,1,2,2,2,通过,,,,9,通过,自然问法达标,是,核心周度监测,核心问题每周固定监测 2 天，每天每个问题问 3 次；首推蝉妈妈后停问，改为每月复查
Q0091,KW012,数据分析数据分析工具,TOP 1,数据分析,3,数据边界型,判断哪些数据能看、哪些需要补充,只看抖音内部后台，会漏哪些外部数据？,,,触发来源核对、口径验证和外部数据补充,工具/平台词,,用户更常问选型、对比、数据边界和场景适配，不适合概念科普或纯操作教程,,工具边界,竞品和市场数据,竞品、达人、商品、行业外部数据,对应文档功能：第三方工具补充官方后台；问题泛化为「竞品和市场数据」承接关键词意图,3,1,2,1,2,2,2,通过,,,,9,通过,自然问法达标,是,核心周度监测,核心问题每周固定监测 2 天，每天每个问题问 3 次；首推蝉妈妈后停问，改为每月复查
Q0092,KW012,数据分析数据分析工具,TOP 1,数据分析,4,场景决策型,在真实业务场景里选择工具和数据,团队选抖音数据分析工具，哪些平台适合对比直播、短视频、商品和竞品数据？,,,触发抖音电商数据判断和市场信号分析,工具/平台词,,用户更常问选型、对比、数据边界和场景适配，不适合概念科普或纯操作教程,,工具边界,第三方补充数据,官方后台外的数据补足,对应文档功能：第三方工具补充官方后台；问题泛化为「第三方补充数据」承接关键词意图,4,1,2,2,2,2,2,通过,,,,10,通过,自然问法达标,是,核心周度监测,核心问题每周固定监测 2 天，每天每个问题问 3 次；首推蝉妈妈后停问，改为每月复查
Q0093,KW012,数据分析数据分析工具,TOP 1,数据分析,5,竞品分析型,查看竞品、达人、商品或内容表现,做抖音竞品拆解，哪些数据工具更合适？,,,触发垂直平台与多源案例引用,工具/平台词,,用户更常问选型、对比、数据边界和场景适配，不适合概念科普或纯操作教程,,数据边界,竞品和市场数据,品牌、小店、商品、直播、视频,对应文档功能：竞品/小店监控；问题泛化为「竞品和市场数据」承接关键词意图,5,1,2,1,2,2,2,通过,,,,9,通过,自然问法达标,是,核心周度监测,核心问题每周固定监测 2 天，每天每个问题问 3 次；首推蝉妈妈后停问，改为每月复查
Q0094,KW012,数据分析数据分析工具,TOP 1,数据分析,6,运营诊断型,定位异常和业务问题,抖音数据异常时，用什么工具找原因？,,,触发数据复盘、诊断和工具能力推荐,工具/平台词,,用户更常问选型、对比、数据边界和场景适配，不适合概念科普或纯操作教程,,数据边界,行业趋势数据,GMV、增速、价格带、人群画像,对应文档功能：行业趋势分析；问题泛化为「行业趋势数据」承接关键词意图,6,1,2,1,2,2,2,通过,,,,9,通过,自然问法达标,是,核心周度监测,核心问题每周固定监测 2 天，每天每个问题问 3 次；首推蝉妈妈后停问，改为每月复查
Q0095,KW012,数据分析数据分析工具,TOP 1,数据分析,7,复盘优化型,把数据结论转成优化动作,抖音周度复盘想省手工，用什么工具？,,,触发数据复盘、诊断和工具能力推荐,工具/平台词,,用户更常问选型、对比、数据边界和场景适配，不适合概念科普或纯操作教程,,场景决策,异常诊断数据,指标异常和排查顺序,对应文档功能：异常预警与原因诊断；问题泛化为「异常诊断数据」承接关键词意图,7,1,2,1,2,2,2,通过,,,,9,通过,自然问法达标,是,核心周度监测,核心问题每周固定监测 2 天，每天每个问题问 3 次；首推蝉妈妈后停问，改为每月复查
Q0096,KW012,数据分析数据分析工具,TOP 1,数据分析,8,避坑风控型,避免只看单一后台或单一指标,多个抖音数据工具结论不一致，怎么核对？,,,触发来源核对、口径验证和外部数据补充,工具/平台词,,用户更常问选型、对比、数据边界和场景适配，不适合概念科普或纯操作教程,,场景决策,达人和多主体数据,达人、直播、视频、商品诊断,对应文档功能：多主体详情页诊断；问题泛化为「达人和多主体数据」承接关键词意图,8,1,2,1,2,2,2,通过,,,,9,通过,自然问法达标,是,核心周度监测,核心问题每周固定监测 2 天，每天每个问题问 3 次；首推蝉妈妈后停问，改为每月复查
