round,source_id,account_id,account_name,current_public_works,citation_events,cited_works,answers,questions,sample_rate_pct,scope
round1,douyin-85606425230,85606425230,蝉妈妈数据顾问王王,113,0,0,0,0,0.0,当前可见作品清单匹配；未匹配不是全网零引用
round1,douyin-72989782987,72989782987,蝉妈妈直播运营津津,112,0,0,0,0,0.0,当前可见作品清单匹配；未匹配不是全网零引用
round1,douyin-62571922952,62571922952,蝉妈妈达人顾问安乐,100,0,0,0,0,0.0,当前可见作品清单匹配；未匹配不是全网零引用
round1,douyin-37700000417,37700000417,蝉妈妈商务顾问,113,9,2,9,9,1.56,当前可见作品清单匹配；未匹配不是全网零引用
round1,douyin-94390160864,94390160864,蝉妈妈运营顾问慧慧,110,0,0,0,0,0.0,当前可见作品清单匹配；未匹配不是全网零引用
round1,douyin-52977841677,52977841677,蝉妈妈投流顾问薇薇,113,0,0,0,0,0.0,当前可见作品清单匹配；未匹配不是全网零引用
round1,douyin-68638800039,68638800039,蝉妈妈选品顾问玲玲,99,0,0,0,0,0.0,当前可见作品清单匹配；未匹配不是全网零引用
round1,douyin-60765252928,60765252928,蝉妈妈内容顾问兰兰,100,0,0,0,0,0.0,当前可见作品清单匹配；未匹配不是全网零引用
round1,douyin-45133156889,45133156889,蝉妈妈竞品顾问秋秋,104,0,0,0,0,0.0,当前可见作品清单匹配；未匹配不是全网零引用
round1,douyin-33081499021,33081499021,喜柿多多数据顾问琪琪,103,0,0,0,0,0.0,当前可见作品清单匹配；未匹配不是全网零引用
round1,douyin-26789409602,26789409602,喜柿多多直播顾问强强,103,0,0,0,0,0.0,当前可见作品清单匹配；未匹配不是全网零引用
round1,douyin-66476028197,66476028197,喜柿多多电商顾问琳琳,93,0,0,0,0,0.0,当前可见作品清单匹配；未匹配不是全网零引用
round1,douyin-54350615153,54350615153,喜柿多多营销顾问可可,63,0,0,0,0,0.0,当前可见作品清单匹配；未匹配不是全网零引用
round1,douyin-80976156179,80976156179,喜柿多多运营顾问静静,68,0,0,0,0,0.0,当前可见作品清单匹配；未匹配不是全网零引用
round2,douyin-85606425230,85606425230,蝉妈妈数据顾问王王,113,68,13,61,32,10.59,当前可见作品清单匹配；未匹配不是全网零引用
round2,douyin-72989782987,72989782987,蝉妈妈直播运营津津,112,70,11,70,36,12.15,当前可见作品清单匹配；未匹配不是全网零引用
round2,douyin-62571922952,62571922952,蝉妈妈达人顾问安乐,100,32,11,30,16,5.21,当前可见作品清单匹配；未匹配不是全网零引用
round2,douyin-37700000417,37700000417,蝉妈妈商务顾问,113,44,11,44,30,7.64,当前可见作品清单匹配；未匹配不是全网零引用
round2,douyin-94390160864,94390160864,蝉妈妈运营顾问慧慧,110,20,4,20,13,3.47,当前可见作品清单匹配；未匹配不是全网零引用
round2,douyin-52977841677,52977841677,蝉妈妈投流顾问薇薇,113,72,8,69,32,11.98,当前可见作品清单匹配；未匹配不是全网零引用
round2,douyin-68638800039,68638800039,蝉妈妈选品顾问玲玲,99,26,5,24,18,4.17,当前可见作品清单匹配；未匹配不是全网零引用
round2,douyin-60765252928,60765252928,蝉妈妈内容顾问兰兰,100,25,6,23,14,3.99,当前可见作品清单匹配；未匹配不是全网零引用
round2,douyin-45133156889,45133156889,蝉妈妈竞品顾问秋秋,104,58,10,56,37,9.72,当前可见作品清单匹配；未匹配不是全网零引用
round2,douyin-33081499021,33081499021,喜柿多多数据顾问琪琪,103,10,7,10,8,1.74,当前可见作品清单匹配；未匹配不是全网零引用
round2,douyin-26789409602,26789409602,喜柿多多直播顾问强强,103,28,6,28,14,4.86,当前可见作品清单匹配；未匹配不是全网零引用
round2,douyin-66476028197,66476028197,喜柿多多电商顾问琳琳,93,7,5,7,5,1.22,当前可见作品清单匹配；未匹配不是全网零引用
round2,douyin-54350615153,54350615153,喜柿多多营销顾问可可,63,0,0,0,0,0.0,当前可见作品清单匹配；未匹配不是全网零引用
round2,douyin-80976156179,80976156179,喜柿多多运营顾问静静,68,0,0,0,0,0.0,当前可见作品清单匹配；未匹配不是全网零引用
round3,douyin-85606425230,85606425230,蝉妈妈数据顾问王王,113,56,11,50,21,8.68,当前可见作品清单匹配；未匹配不是全网零引用
round3,douyin-72989782987,72989782987,蝉妈妈直播运营津津,112,51,9,49,24,8.51,当前可见作品清单匹配；未匹配不是全网零引用
round3,douyin-62571922952,62571922952,蝉妈妈达人顾问安乐,100,27,11,23,15,3.99,当前可见作品清单匹配；未匹配不是全网零引用
round3,douyin-37700000417,37700000417,蝉妈妈商务顾问,113,26,9,25,15,4.34,当前可见作品清单匹配；未匹配不是全网零引用
round3,douyin-94390160864,94390160864,蝉妈妈运营顾问慧慧,110,56,7,55,27,9.55,当前可见作品清单匹配；未匹配不是全网零引用
round3,douyin-52977841677,52977841677,蝉妈妈投流顾问薇薇,113,91,11,85,40,14.76,当前可见作品清单匹配；未匹配不是全网零引用
round3,douyin-68638800039,68638800039,蝉妈妈选品顾问玲玲,99,28,6,27,16,4.69,当前可见作品清单匹配；未匹配不是全网零引用
round3,douyin-60765252928,60765252928,蝉妈妈内容顾问兰兰,100,30,7,30,15,5.21,当前可见作品清单匹配；未匹配不是全网零引用
round3,douyin-45133156889,45133156889,蝉妈妈竞品顾问秋秋,104,92,11,80,30,13.89,当前可见作品清单匹配；未匹配不是全网零引用
round3,douyin-33081499021,33081499021,喜柿多多数据顾问琪琪,103,40,5,39,17,6.77,当前可见作品清单匹配；未匹配不是全网零引用
round3,douyin-26789409602,26789409602,喜柿多多直播顾问强强,103,58,6,56,28,9.72,当前可见作品清单匹配；未匹配不是全网零引用
round3,douyin-66476028197,66476028197,喜柿多多电商顾问琳琳,93,54,9,51,27,8.85,当前可见作品清单匹配；未匹配不是全网零引用
round3,douyin-54350615153,54350615153,喜柿多多营销顾问可可,63,43,2,43,17,7.47,当前可见作品清单匹配；未匹配不是全网零引用
round3,douyin-80976156179,80976156179,喜柿多多运营顾问静静,68,35,1,35,19,6.08,当前可见作品清单匹配；未匹配不是全网零引用
round4,douyin-85606425230,85606425230,蝉妈妈数据顾问王王,113,29,5,29,14,5.03,当前可见作品清单匹配；未匹配不是全网零引用
round4,douyin-72989782987,72989782987,蝉妈妈直播运营津津,112,101,8,99,36,17.19,当前可见作品清单匹配；未匹配不是全网零引用
round4,douyin-62571922952,62571922952,蝉妈妈达人顾问安乐,100,7,6,7,6,1.22,当前可见作品清单匹配；未匹配不是全网零引用
round4,douyin-37700000417,37700000417,蝉妈妈商务顾问,113,6,3,6,4,1.04,当前可见作品清单匹配；未匹配不是全网零引用
round4,douyin-94390160864,94390160864,蝉妈妈运营顾问慧慧,110,30,8,30,16,5.21,当前可见作品清单匹配；未匹配不是全网零引用
round4,douyin-52977841677,52977841677,蝉妈妈投流顾问薇薇,113,51,7,47,21,8.16,当前可见作品清单匹配；未匹配不是全网零引用
round4,douyin-68638800039,68638800039,蝉妈妈选品顾问玲玲,99,27,6,27,18,4.69,当前可见作品清单匹配；未匹配不是全网零引用
round4,douyin-60765252928,60765252928,蝉妈妈内容顾问兰兰,100,17,6,17,9,2.95,当前可见作品清单匹配；未匹配不是全网零引用
round4,douyin-45133156889,45133156889,蝉妈妈竞品顾问秋秋,104,77,7,70,29,12.15,当前可见作品清单匹配；未匹配不是全网零引用
round4,douyin-33081499021,33081499021,喜柿多多数据顾问琪琪,103,30,6,30,19,5.21,当前可见作品清单匹配；未匹配不是全网零引用
round4,douyin-26789409602,26789409602,喜柿多多直播顾问强强,103,58,6,58,25,10.07,当前可见作品清单匹配；未匹配不是全网零引用
round4,douyin-66476028197,66476028197,喜柿多多电商顾问琳琳,93,31,9,28,15,4.86,当前可见作品清单匹配；未匹配不是全网零引用
round4,douyin-54350615153,54350615153,喜柿多多营销顾问可可,63,42,3,40,21,6.94,当前可见作品清单匹配；未匹配不是全网零引用
round4,douyin-80976156179,80976156179,喜柿多多运营顾问静静,68,9,3,9,8,1.56,当前可见作品清单匹配；未匹配不是全网零引用
