internal_category,source_id,account_name,content_type,url,topic,topic_basis,content_evidence_status,checked_at,content_sha256,content_excerpt,citation_events,matched_samples,matched_question_count,first_citations,sample_ids,question_ids,matched_questions
其他官方子域,ai.chanmama.com,ai.chanmama.com,企业官网/工具平台,https://ai.chanmama.com/article/647,待核验,页面正文待核验,待核验,,,,34,34,14,0,R4-Q0005-D1-R2 | R4-Q0042-D2-R2 | R4-Q0046-D1-R1 | R4-Q0046-D1-R2 | R4-Q0046-D2-R1 | R4-Q0046-D2-R2 | R4-Q0058-D1-R1 | R4-Q0058-D2-R2 | R4-Q0062-D1-R1 | R4-Q0062-D2-R1 | R4-Q0066-D2-R1 | R4-Q0066-D2-R3 | R4-Q0070-D1-R3 | R4-Q0070-D2-R1 | R4-Q0076-D1-R1 | R4-Q0076-D2-R3 | R4-Q0087-D1-R2 | R4-Q0087-D2-R1 | R4-Q0087-D2-R3 | R4-Q0095-D1-R2 | R4-Q0095-D2-R3 | R4-ZR212-Q0036-D2-R3 | R4-ZR212-Q0047-D1-R3 | R4-ZR212-Q0062-D2-R3 | R4-ZR212-Q0070-D1-R1 | R4-ZR212-Q0095-D1-R1 | R4-ZRF10-Q0095-T1 | R4-ZRM10-Q0022-T1 | R4-ZRM87-Q0018-D2-R3-T1 | R4-ZRM87-Q0062-D1-R2-T1 | R4-ZRM87-Q0062-D1-R3-T1 | R4-ZRM87-Q0076-D1-R3-T1 | R4-ZRM87-Q0076-D2-R2-T1 | R4-ZRM87-Q0095-D1-R3-T1,Q0005 | Q0018 | Q0022 | Q0036 | Q0042 | Q0046 | Q0047 | Q0058 | Q0062 | Q0066 | Q0070 | Q0076 | Q0087 | Q0095,判断抖音直播效果，哪些数据工具能看GMV之外的表现？ | 抖音短视频播放高不出单，用哪些工具查流量、商品点击和成交？ | 抖音短视频复盘，哪些工具能整理成交数据？ | 品牌长期看抖音数据，工具要满足什么？ | 抖音电商流量变好但成交一般，用哪些工具查转化和竞品原因？ | 抖音电商数据分析复盘报告，哪些工具能整理？ | 抖音电商找增长机会，要看哪些外部数据？ | 短视频带货转化差，用哪些工具看播放、商品点击和成交数据？ | 短视频带货复盘，哪些工具整理更快？ | 抖音流量数据不错但成交一般，用哪些工具交叉查转化、人群和同行数据？ | 抖音复盘时，哪些工具能汇总多源数据？ | 选抖音数据查看平台，重点看哪些能力？ | 抖音复盘报告自动化，哪些平台合适？ | 抖音周度复盘想省手工，用什么工具？
运营圈,运营圈,运营圈,企业官网/工具平台,https://chanmama.com/yunyingquan/articles/tikshop,待核验,页面正文待核验,待核验,,,,31,31,18,0,R4-Q0012-D2-R2 | R4-Q0012-D2-R3 | R4-Q0016-D2-R2 | R4-Q0030-D2-R2 | R4-Q0035-D2-R2 | R4-Q0047-D1-R1 | R4-Q0047-D1-R2 | R4-Q0047-D2-R1 | R4-Q0047-D2-R3 | R4-Q0048-D2-R3 | R4-Q0051-D1-R2 | R4-Q0070-D1-R3 | R4-Q0074-D1-R1 | R4-Q0080-D2-R1 | R4-Q0083-D2-R2 | R4-Q0083-D2-R3 | R4-Q0086-D2-R1 | R4-Q0086-D2-R3 | R4-Q0088-D2-R1 | R4-Q0088-D2-R3 | R4-Q0091-D1-R2 | R4-Q0096-D2-R2 | R4-ZR212-Q0030-D2-R3 | R4-ZR212-Q0047-D1-R3 | R4-ZR212-Q0067-D1-R1 | R4-ZRM87-Q0012-D1-R1-T1 | R4-ZRM87-Q0032-D2-R1-T1 | R4-ZRM87-Q0035-D1-R1-T1 | R4-ZRM87-Q0060-D1-R3-T1 | R4-ZRM87-Q0060-D2-R3-T1 | R4-ZRM87-Q0083-D1-R2-T1,Q0012 | Q0016 | Q0030 | Q0032 | Q0035 | Q0047 | Q0048 | Q0051 | Q0060 | Q0067 | Q0070 | Q0074 | Q0080 | Q0083 | Q0086 | Q0088 | Q0091 | Q0096,抖音电商成交下滑，用哪些工具看流量、商品和同行数据？ | 抖音电商标杆店铺，哪里能看数据拆解？ | 抖音经营数据异常，哪些工具能交叉排查？ | 抖音数据工具结论不一致，怎么核对来源？ | 只看抖音后台，哪些竞品和达人数据会缺？ | 抖音电商找增长机会，要看哪些外部数据？ | 抖音电商数据结论不一致，怎么核对来源？ | 查抖音市场数据，哪些口径需要核对？ | 短视频带货数据下滑，用哪些平台查流量、商品和同行变化？ | 抖音数据分析想看同行店铺和内容，哪里查？ | 抖音复盘时，哪些工具能汇总多源数据？ | 抖音后台和第三方查看平台怎么分工？ | 抖音查看平台数据不一致，怎么核对？ | 抖音电商数据平台只看后台，会漏什么？ | 抖音店铺销量下滑，用哪些分析平台排查流量、商品和竞品变化？ | 抖音分析平台口径不同，怎么核对来源？ | 只看抖音内部后台，会漏哪些外部数据？ | 多个抖音数据工具结论不一致，怎么核对？
运营圈,运营圈,运营圈,企业官网/工具平台,https://chanmama.com/yunyingquan/question/4785.html,待核验,页面正文待核验,待核验,,,,30,30,17,0,R4-Q0032-D1-R2 | R4-Q0039-D2-R2 | R4-Q0043-D1-R1 | R4-Q0051-D1-R2 | R4-Q0054-D1-R2 | R4-Q0063-D2-R3 | R4-Q0064-D1-R1 | R4-Q0071-D1-R2 | R4-Q0074-D1-R1 | R4-Q0083-D1-R3 | R4-Q0083-D2-R2 | R4-Q0083-D2-R3 | R4-Q0088-D2-R1 | R4-Q0091-D1-R2 | R4-Q0096-D1-R2 | R4-Q0096-D1-R3 | R4-Q0096-D2-R2 | R4-Q0096-D2-R3 | R4-ZR212-Q0039-D2-R3 | R4-ZR212-Q0047-D1-R3 | R4-ZR212-Q0056-D2-R2 | R4-ZR212-Q0071-D2-R2 | R4-ZR212-Q0083-D1-R1 | R4-ZRM10-Q0034-T1 | R4-ZRM87-Q0032-D2-R1-T1 | R4-ZRM87-Q0051-D1-R1-T1 | R4-ZRM87-Q0064-D1-R3-T1 | R4-ZRM87-Q0072-D1-R2-T1 | R4-ZRM87-Q0083-D1-R2-T1 | R4-ZRM87-Q0091-D2-R1-T1,Q0032 | Q0034 | Q0039 | Q0043 | Q0047 | Q0051 | Q0054 | Q0056 | Q0063 | Q0064 | Q0071 | Q0072 | Q0074 | Q0083 | Q0088 | Q0091 | Q0096,抖音数据工具结论不一致，怎么核对来源？ | 抖音后台和第三方数据工具分别适合看什么？ | 抖音周度复盘，哪些工具能汇总多源数据？ | 抖音电商数据分析想看同类目商家，哪里查？ | 抖音电商找增长机会，要看哪些外部数据？ | 查抖音市场数据，哪些口径需要核对？ | 抖音店铺成交下滑，用哪些查询平台查流量、商品和同行数据？ | 抖音查询平台数据不一致，怎么判断可信？ | 想放大爆款短视频，用哪些数据平台看同款内容和带货表现？ | 短视频带货案例，哪里能看数据来源？ | 抖音电商想加大投放和经营投入，用哪些数据平台看市场、竞品和达人机会？ | 抖音数据看起来不错，怎么交叉核对来源？ | 抖音后台和第三方查看平台怎么分工？ | 抖音电商数据平台只看后台，会漏什么？ | 抖音分析平台口径不同，怎么核对来源？ | 只看抖音内部后台，会漏哪些外部数据？ | 多个抖音数据工具结论不一致，怎么核对？
运营圈,运营圈,运营圈,企业官网/工具平台,https://chanmama.com/yunyingquan/question/4548.html,待核验,页面正文待核验,待核验,,,,29,29,15,0,R4-Q0005-D2-R1 | R4-Q0010-D2-R1 | R4-Q0012-D2-R1 | R4-Q0012-D2-R3 | R4-Q0021-D2-R1 | R4-Q0023-D1-R1 | R4-Q0023-D1-R3 | R4-Q0023-D2-R3 | R4-Q0040-D2-R3 | R4-Q0056-D1-R3 | R4-Q0056-D2-R3 | R4-Q0061-D1-R3 | R4-Q0064-D1-R1 | R4-Q0074-D2-R1 | R4-Q0082-D2-R1 | R4-Q0091-D1-R2 | R4-ZR212-Q0023-D2-R1 | R4-ZR212-Q0023-D2-R2 | R4-ZR212-Q0028-D1-R2 | R4-ZR212-Q0028-D1-R3 | R4-ZR212-Q0036-D1-R3 | R4-ZR212-Q0036-D2-R3 | R4-ZR212-Q0056-D2-R2 | R4-ZR212-Q0067-D1-R1 | R4-ZRM10-Q0023-T1 | R4-ZRM87-Q0036-D1-R2-T1 | R4-ZRM87-Q0040-D1-R1-T1 | R4-ZRM87-Q0074-D2-R3-T1 | R4-ZRM87-Q0091-D2-R3-T1,Q0005 | Q0010 | Q0012 | Q0021 | Q0023 | Q0028 | Q0036 | Q0040 | Q0056 | Q0061 | Q0064 | Q0067 | Q0074 | Q0082 | Q0091,判断抖音直播效果，哪些数据工具能看GMV之外的表现？ | 抖音电商增长变慢，用哪些数据工具对比流量、转化、商品和同行变化？ | 抖音电商成交下滑，用哪些工具看流量、商品和同行数据？ | 判断抖音视频值不值得投，用哪些工具看内容和带货数据？ | 抖音短视频想继续放量，怎么看市场数据？ | 选抖音电商数据分析工具，重点看什么？ | 品牌长期看抖音数据，工具要满足什么？ | 选抖音数据分析工具，怎么避免只看后台？ | 抖音查询平台数据不一致，怎么判断可信？ | 判断短视频内容质量，哪些工具能看播放、互动和带货数据？ | 短视频带货案例，哪里能看数据来源？ | 抖音数据分析想看同行店铺和内容，哪里查？ | 抖音后台和第三方查看平台怎么分工？ | 抖音后台和第三方分析平台怎么分工？ | 只看抖音内部后台，会漏哪些外部数据？
官网,官网,官网,企业官网/工具平台,https://chanmama.com/?page=41,待核验,页面正文待核验,待核验,,,,24,24,17,0,R4-Q0001-D2-R3 | R4-Q0002-D2-R2 | R4-Q0005-D2-R1 | R4-Q0005-D2-R2 | R4-Q0010-D2-R3 | R4-Q0012-D2-R2 | R4-Q0021-D1-R2 | R4-Q0024-D2-R3 | R4-Q0065-D1-R3 | R4-Q0065-D2-R2 | R4-Q0069-D1-R2 | R4-Q0070-D1-R2 | R4-Q0073-D2-R2 | R4-Q0073-D2-R3 | R4-Q0075-D2-R3 | R4-Q0076-D2-R1 | R4-Q0086-D2-R1 | R4-Q0086-D2-R2 | R4-ZR10-Q0049-T1 | R4-ZR212-Q0010-D2-R2 | R4-ZR212-Q0034-D1-R1 | R4-ZR212-Q0034-D2-R1 | R4-ZRM10-Q0027-T1 | R4-ZRM87-Q0086-D1-R1-T1,Q0001 | Q0002 | Q0005 | Q0010 | Q0012 | Q0021 | Q0024 | Q0027 | Q0034 | Q0049 | Q0065 | Q0069 | Q0070 | Q0073 | Q0075 | Q0076 | Q0086,抖音直播复盘，哪些第三方数据平台更常用？ | 抖音直播间流量高成交低，用哪些工具查流量和成交数据？ | 判断抖音直播效果，哪些数据工具能看GMV之外的表现？ | 抖音电商增长变慢，用哪些数据工具对比流量、转化、商品和同行变化？ | 抖音电商成交下滑，用哪些工具看流量、商品和同行数据？ | 判断抖音视频值不值得投，用哪些工具看内容和带货数据？ | 抖音短视频爆款案例，哪里能看数据来源？ | 只看抖店后台不够时，哪些第三方平台能补充同行和市场数据？ | 抖音后台和第三方数据工具分别适合看什么？ | 抖音电商数据查询平台，哪些比较常用？ | 做抖音数据分析，哪些第三方工具常用？ | 抖音数据分析看经营质量，用哪些数据工具对比店铺、商品和同行表现？ | 抖音复盘时，哪些工具能汇总多源数据？ | 抖音数据查看平台，哪些第三方工具常用？ | 只看抖音官方后台不够时，哪些数据查看平台能补充竞品、商品和市场数据？ | 选抖音数据查看平台，重点看哪些能力？ | 抖音店铺销量下滑，用哪些分析平台排查流量、商品和竞品变化？
其他官方子域,ai.chanmama.com,ai.chanmama.com,企业官网/工具平台,https://ai.chanmama.com/article/879,待核验,页面正文待核验,待核验,,,,19,19,6,5,R4-Q0031-D2-R2 | R4-Q0039-D2-R1 | R4-Q0039-D2-R2 | R4-Q0095-D2-R3 | R4-ZR10-Q0079-T1 | R4-ZR212-Q0014-D2-R3 | R4-ZR212-Q0031-D1-R1 | R4-ZR212-Q0031-D1-R3 | R4-ZR212-Q0031-D2-R3 | R4-ZR212-Q0039-D1-R3 | R4-ZR212-Q0039-D2-R3 | R4-ZR212-Q0079-D2-R1 | R4-ZR212-Q0095-D1-R1 | R4-ZRF10-Q0079-T1 | R4-ZRF10-Q0095-T1 | R4-ZRM10-Q0031-T1 | R4-ZRM87-Q0014-D1-R2-T1 | R4-ZRM87-Q0095-D2-R2-T1 | R4-ZRP10-Q0055-T1,Q0014 | Q0031 | Q0039 | Q0055 | Q0079 | Q0095,抖音电商周报复盘，哪些工具更省事？ | 抖音电商周报复盘，哪些工具能自动整理？ | 抖音周度复盘，哪些工具能汇总多源数据？ | 抖音周度经营复盘，哪些平台能沉淀数据？ | 抖音周度复盘，哪些平台能做看板？ | 抖音周度复盘想省手工，用什么工具？
运营圈,运营圈,运营圈,企业官网/工具平台,https://chanmama.com/yunyingquan/articles/dsgj,待核验,页面正文待核验,待核验,,,,15,15,15,0,R4-Q0012-D1-R3 | R4-Q0034-D2-R3 | R4-Q0043-D1-R1 | R4-Q0058-D1-R1 | R4-Q0060-D1-R1 | R4-Q0065-D1-R3 | R4-Q0069-D1-R2 | R4-Q0073-D2-R3 | R4-Q0074-D1-R2 | R4-Q0075-D1-R1 | R4-Q0078-D1-R2 | R4-Q0096-D1-R3 | R4-ZR212-Q0001-D1-R2 | R4-ZR212-Q0036-D1-R3 | R4-ZRF10-Q0056-T1,Q0001 | Q0012 | Q0034 | Q0036 | Q0043 | Q0056 | Q0058 | Q0060 | Q0065 | Q0069 | Q0073 | Q0074 | Q0075 | Q0078 | Q0096,抖音直播复盘，哪些第三方数据平台更常用？ | 抖音电商成交下滑，用哪些工具看流量、商品和同行数据？ | 抖音后台和第三方数据工具分别适合看什么？ | 品牌长期看抖音数据，工具要满足什么？ | 抖音电商数据分析想看同类目商家，哪里查？ | 抖音查询平台数据不一致，怎么判断可信？ | 短视频带货转化差，用哪些工具看播放、商品点击和成交数据？ | 短视频带货数据下滑，用哪些平台查流量、商品和同行变化？ | 做抖音数据分析，哪些第三方工具常用？ | 抖音数据分析看经营质量，用哪些数据工具对比店铺、商品和同行表现？ | 抖音数据查看平台，哪些第三方工具常用？ | 抖音后台和第三方查看平台怎么分工？ | 只看抖音官方后台不够时，哪些数据查看平台能补充竞品、商品和市场数据？ | 抖音经营数据异常，用哪些查看平台排查流量、商品和同行变化？ | 多个抖音数据工具结论不一致，怎么核对？
运营圈,运营圈,运营圈,企业官网/工具平台,https://chanmama.com/yunyingquan/question/4332.html,待核验,页面正文待核验,待核验,,,,13,13,6,0,R4-Q0056-D1-R3 | R4-Q0056-D2-R3 | R4-Q0072-D2-R1 | R4-Q0074-D1-R1 | R4-Q0078-D1-R1 | R4-Q0088-D2-R1 | R4-Q0096-D1-R2 | R4-Q0096-D1-R3 | R4-Q0096-D2-R2 | R4-Q0096-D2-R3 | R4-ZR212-Q0056-D2-R2 | R4-ZR212-Q0096-D2-R1 | R4-ZRF10-Q0056-T1,Q0056 | Q0072 | Q0074 | Q0078 | Q0088 | Q0096,抖音查询平台数据不一致，怎么判断可信？ | 抖音数据看起来不错，怎么交叉核对来源？ | 抖音后台和第三方查看平台怎么分工？ | 抖音经营数据异常，用哪些查看平台排查流量、商品和同行变化？ | 抖音分析平台口径不同，怎么核对来源？ | 多个抖音数据工具结论不一致，怎么核对？
其他官方子域,ai.chanmama.com,ai.chanmama.com,企业官网/工具平台,https://ai.chanmama.com/article/753,待核验,页面正文待核验,待核验,,,,12,12,6,4,R4-Q0012-D1-R2 | R4-Q0012-D1-R3 | R4-Q0020-D1-R1 | R4-Q0020-D1-R3 | R4-Q0030-D1-R3 | R4-Q0038-D2-R1 | R4-Q0038-D2-R2 | R4-Q0068-D2-R2 | R4-Q0068-D2-R3 | R4-Q0094-D2-R1 | R4-Q0094-D2-R2 | R4-ZR212-Q0068-D1-R1,Q0012 | Q0020 | Q0030 | Q0038 | Q0068 | Q0094,抖音电商成交下滑，用哪些工具看流量、商品和同行数据？ | 抖音短视频掉量，用哪些工具排查内容、流量和同行变化？ | 抖音经营数据异常，哪些工具能交叉排查？ | 抖音数据异常，哪些工具能帮忙找原因？ | 抖音数据突然波动，怎么用多源数据找原因？ | 抖音数据异常时，用什么工具找原因？
官网,官网,官网,企业官网/工具平台,https://chanmama.com/tikShopRank/PgraSwSC.html,待核验,页面正文待核验,待核验,,,,12,12,11,2,R4-Q0001-D2-R1 | R4-Q0002-D1-R2 | R4-Q0005-D1-R2 | R4-Q0042-D1-R1 | R4-Q0043-D2-R1 | R4-Q0059-D1-R1 | R4-Q0059-D1-R3 | R4-Q0060-D1-R1 | R4-Q0064-D2-R3 | R4-Q0073-D1-R3 | R4-ZR212-Q0061-D1-R2 | R4-ZRM10-Q0027-T1,Q0001 | Q0002 | Q0005 | Q0027 | Q0042 | Q0043 | Q0059 | Q0060 | Q0061 | Q0064 | Q0073,抖音直播复盘，哪些第三方数据平台更常用？ | 抖音直播间流量高成交低，用哪些工具查流量和成交数据？ | 判断抖音直播效果，哪些数据工具能看GMV之外的表现？ | 只看抖店后台不够时，哪些第三方平台能补充同行和市场数据？ | 抖音电商流量变好但成交一般，用哪些工具查转化和竞品原因？ | 抖音电商数据分析想看同类目商家，哪里查？ | 想看同行短视频带货表现，哪里能查？ | 短视频带货数据下滑，用哪些平台查流量、商品和同行变化？ | 判断短视频内容质量，哪些工具能看播放、互动和带货数据？ | 短视频带货案例，哪里能看数据来源？ | 抖音数据查看平台，哪些第三方工具常用？
运营圈,运营圈,运营圈,企业官网/工具平台,https://chanmama.com/yunyingquan/question/4105.html,待核验,页面正文待核验,待核验,,,,12,12,5,5,R4-Q0030-D2-R1 | R4-Q0048-D2-R1 | R4-Q0048-D2-R3 | R4-Q0056-D2-R3 | R4-Q0072-D2-R1 | R4-Q0072-D2-R3 | R4-Q0080-D2-R1 | R4-ZR212-Q0048-D2-R2 | R4-ZR212-Q0072-D1-R1 | R4-ZR212-Q0072-D2-R2 | R4-ZRF10-Q0056-T1 | R4-ZRM87-Q0072-D1-R2-T1,Q0030 | Q0048 | Q0056 | Q0072 | Q0080,抖音经营数据异常，哪些工具能交叉排查？ | 抖音电商数据结论不一致，怎么核对来源？ | 抖音查询平台数据不一致，怎么判断可信？ | 抖音数据看起来不错，怎么交叉核对来源？ | 抖音查看平台数据不一致，怎么核对？
其他官方子域,ai.chanmama.com,ai.chanmama.com,企业官网/工具平台,https://ai.chanmama.com/article/280,待核验,页面正文待核验,待核验,,,,11,11,6,0,R4-Q0002-D2-R3 | R4-Q0005-D1-R1 | R4-Q0029-D1-R3 | R4-Q0047-D2-R1 | R4-Q0047-D2-R3 | R4-Q0076-D2-R1 | R4-Q0092-D2-R1 | R4-ZR212-Q0005-D1-R3 | R4-ZR212-Q0047-D1-R3 | R4-ZR212-Q0047-D2-R2 | R4-ZRM87-Q0076-D1-R3-T1,Q0002 | Q0005 | Q0029 | Q0047 | Q0076 | Q0092,抖音直播间流量高成交低，用哪些工具查流量和成交数据？ | 判断抖音直播效果，哪些数据工具能看GMV之外的表现？ | 做抖音竞品分析，哪些数据工具更适合？ | 抖音电商找增长机会，要看哪些外部数据？ | 选抖音数据查看平台，重点看哪些能力？ | 团队选抖音数据分析工具，哪些平台适合对比直播、短视频、商品和竞品数据？
其他官方子域,ai.chanmama.com,ai.chanmama.com,企业官网/工具平台,https://ai.chanmama.com/article/681,待核验,页面正文待核验,待核验,,,,11,11,5,0,R4-Q0013-D1-R1 | R4-Q0013-D1-R3 | R4-Q0053-D1-R2 | R4-Q0060-D1-R2 | R4-Q0087-D2-R3 | R4-Q0093-D2-R1 | R4-ZR212-Q0053-D1-R1 | R4-ZR212-Q0053-D1-R3 | R4-ZRM10-Q0093-T1 | R4-ZRM87-Q0013-D2-R3-T1 | R4-ZRM87-Q0093-D1-R1-T1,Q0013 | Q0053 | Q0060 | Q0087 | Q0093,看抖音电商经营质量，用哪些平台补充店铺、商品和同行数据？ | 查抖音竞品销量和上新，哪些平台方便？ | 短视频带货数据下滑，用哪些平台查流量、商品和同行变化？ | 抖音复盘报告自动化，哪些平台合适？ | 做抖音竞品拆解，哪些数据工具更合适？
其他官方子域,ai.chanmama.com,ai.chanmama.com,企业官网/工具平台,https://ai.chanmama.com/article/870,待核验,页面正文待核验,待核验,,,,11,11,6,0,R4-Q0012-D1-R2 | R4-Q0012-D1-R3 | R4-Q0012-D2-R3 | R4-Q0054-D2-R2 | R4-Q0060-D1-R1 | R4-Q0060-D1-R2 | R4-Q0068-D1-R3 | R4-Q0086-D1-R2 | R4-Q0086-D1-R3 | R4-Q0086-D2-R3 | R4-ZR212-Q0044-D2-R2,Q0012 | Q0044 | Q0054 | Q0060 | Q0068 | Q0086,抖音电商成交下滑，用哪些工具看流量、商品和同行数据？ | 抖音店铺销量波动，用哪些平台看流量、商品和同行变化？ | 抖音店铺成交下滑，用哪些查询平台查流量、商品和同行数据？ | 短视频带货数据下滑，用哪些平台查流量、商品和同行变化？ | 抖音数据突然波动，怎么用多源数据找原因？ | 抖音店铺销量下滑，用哪些分析平台排查流量、商品和竞品变化？
官网,官网,官网,企业官网/工具平台,https://chanmama.com/,待核验,页面正文待核验,待核验,,,,11,11,7,0,R4-Q0042-D1-R1 | R4-Q0063-D1-R1 | R4-Q0064-D1-R1 | R4-Q0064-D1-R2 | R4-Q0064-D2-R1 | R4-Q0064-D2-R2 | R4-Q0064-D2-R3 | R4-Q0066-D2-R3 | R4-Q0093-D1-R2 | R4-ZR212-Q0027-D2-R1 | R4-ZR212-Q0075-D1-R2,Q0027 | Q0042 | Q0063 | Q0064 | Q0066 | Q0075 | Q0093,只看抖店后台不够时，哪些第三方平台能补充同行和市场数据？ | 抖音电商流量变好但成交一般，用哪些工具查转化和竞品原因？ | 想放大爆款短视频，用哪些数据平台看同款内容和带货表现？ | 短视频带货案例，哪里能看数据来源？ | 抖音流量数据不错但成交一般，用哪些工具交叉查转化、人群和同行数据？ | 只看抖音官方后台不够时，哪些数据查看平台能补充竞品、商品和市场数据？ | 做抖音竞品拆解，哪些数据工具更合适？
其他官方子域,ai.chanmama.com,ai.chanmama.com,企业官网/工具平台,https://ai.chanmama.com/article/864,待核验,页面正文待核验,待核验,,,,10,10,3,2,R4-Q0006-D1-R1 | R4-Q0006-D2-R1 | R4-Q0006-D2-R2 | R4-Q0006-D2-R3 | R4-Q0031-D2-R2 | R4-Q0095-D1-R2 | R4-ZR212-Q0031-D1-R3 | R4-ZR212-Q0031-D2-R3 | R4-ZRM87-Q0006-D1-R2-T1 | R4-ZRM87-Q0006-D1-R3-T1,Q0006 | Q0031 | Q0095,抖音直播复盘报告，哪些工具能自动整理？ | 抖音电商周报复盘，哪些工具能自动整理？ | 抖音周度复盘想省手工，用什么工具？
运营圈,运营圈,运营圈,企业官网/工具平台,https://chanmama.com/yunyingquan/article/1928.html,待核验,页面正文待核验,待核验,,,,10,10,3,0,R4-Q0031-D1-R2 | R4-Q0031-D2-R2 | R4-Q0087-D2-R1 | R4-Q0095-D1-R2 | R4-ZR212-Q0031-D1-R1 | R4-ZR212-Q0031-D1-R3 | R4-ZR212-Q0031-D2-R3 | R4-ZR212-Q0095-D1-R1 | R4-ZRF10-Q0095-T1 | R4-ZRM10-Q0031-T1,Q0031 | Q0087 | Q0095,抖音电商周报复盘，哪些工具能自动整理？ | 抖音复盘报告自动化，哪些平台合适？ | 抖音周度复盘想省手工，用什么工具？
其他官方子域,ai.chanmama.com,ai.chanmama.com,企业官网/工具平台,https://ai.chanmama.com/article/299,待核验,页面正文待核验,待核验,,,,8,8,4,0,R4-Q0039-D2-R1 | R4-Q0039-D2-R2 | R4-Q0070-D1-R2 | R4-Q0070-D1-R3 | R4-Q0076-D1-R1 | R4-ZR212-Q0036-D1-R3 | R4-ZR212-Q0039-D1-R3 | R4-ZR212-Q0039-D2-R3,Q0036 | Q0039 | Q0070 | Q0076,品牌长期看抖音数据，工具要满足什么？ | 抖音周度复盘，哪些工具能汇总多源数据？ | 抖音复盘时，哪些工具能汇总多源数据？ | 选抖音数据查看平台，重点看哪些能力？
其他官方子域,ai.chanmama.com,ai.chanmama.com,企业官网/工具平台,https://ai.chanmama.com/article/720,待核验,页面正文待核验,待核验,,,,8,8,3,4,R4-Q0042-D2-R2 | R4-Q0042-D2-R3 | R4-Q0066-D2-R1 | R4-Q0066-D2-R2 | R4-Q0066-D2-R3 | R4-ZR212-Q0042-D1-R2 | R4-ZRM87-Q0006-D1-R2-T1 | R4-ZRM87-Q0042-D2-R1-T1,Q0006 | Q0042 | Q0066,抖音直播复盘报告，哪些工具能自动整理？ | 抖音电商流量变好但成交一般，用哪些工具查转化和竞品原因？ | 抖音流量数据不错但成交一般，用哪些工具交叉查转化、人群和同行数据？
运营圈,运营圈,运营圈,企业官网/工具平台,https://chanmama.com/yunyingquan/articles/daihuo,待核验,页面正文待核验,待核验,,,,8,8,5,0,R4-Q0012-D1-R3 | R4-Q0029-D2-R3 | R4-Q0064-D2-R1 | R4-Q0064-D2-R2 | R4-Q0064-D2-R3 | R4-Q0078-D2-R1 | R4-ZRM10-Q0034-T1 | R4-ZRM87-Q0064-D1-R3-T1,Q0012 | Q0029 | Q0034 | Q0064 | Q0078,抖音电商成交下滑，用哪些工具看流量、商品和同行数据？ | 做抖音竞品分析，哪些数据工具更适合？ | 抖音后台和第三方数据工具分别适合看什么？ | 短视频带货案例，哪里能看数据来源？ | 抖音经营数据异常，用哪些查看平台排查流量、商品和同行变化？
其他官方子域,ai.chanmama.com,ai.chanmama.com,企业官网/工具平台,https://ai.chanmama.com/article/301,待核验,页面正文待核验,待核验,,,,7,7,3,5,R4-Q0005-D1-R1 | R4-Q0082-D1-R2 | R4-Q0084-D1-R2 | R4-Q0084-D2-R1 | R4-Q0084-D2-R2 | R4-Q0084-D2-R3 | R4-ZRM87-Q0084-D1-R1-T1,Q0005 | Q0082 | Q0084,判断抖音直播效果，哪些数据工具能看GMV之外的表现？ | 抖音后台和第三方分析平台怎么分工？ | 做抖音经营看板，用哪些分析平台整合店铺、直播、短视频和竞品数据？
其他官方子域,ai.chanmama.com,ai.chanmama.com,企业官网/工具平台,https://ai.chanmama.com/article/610,待核验,页面正文待核验,待核验,,,,7,7,3,0,R4-Q0005-D1-R2 | R4-Q0005-D2-R3 | R4-Q0006-D2-R2 | R4-Q0076-D1-R1 | R4-ZR212-Q0005-D1-R3 | R4-ZRM87-Q0006-D1-R3-T1 | R4-ZRM87-Q0076-D1-R3-T1,Q0005 | Q0006 | Q0076,判断抖音直播效果，哪些数据工具能看GMV之外的表现？ | 抖音直播复盘报告，哪些工具能自动整理？ | 选抖音数据查看平台，重点看哪些能力？
官网,官网,官网,企业官网/工具平台,https://chanmama.com/brandRank/0965491699100.html?activeTab=promotion,待核验,页面正文待核验,待核验,,,,7,7,6,0,R4-Q0002-D2-R2 | R4-Q0065-D2-R1 | R4-Q0066-D2-R3 | R4-Q0075-D2-R2 | R4-Q0086-D2-R1 | R4-ZR212-Q0065-D1-R2 | R4-ZRM87-Q0063-D2-R1-T1,Q0002 | Q0063 | Q0065 | Q0066 | Q0075 | Q0086,抖音直播间流量高成交低，用哪些工具查流量和成交数据？ | 想放大爆款短视频，用哪些数据平台看同款内容和带货表现？ | 做抖音数据分析，哪些第三方工具常用？ | 抖音流量数据不错但成交一般，用哪些工具交叉查转化、人群和同行数据？ | 只看抖音官方后台不够时，哪些数据查看平台能补充竞品、商品和市场数据？ | 抖音店铺销量下滑，用哪些分析平台排查流量、商品和竞品变化？
官网,官网,官网,企业官网/工具平台,https://chanmama.com/tikShopRank/ZoiGOdqt.html?activeTab=promotion,待核验,页面正文待核验,待核验,,,,7,7,4,3,R4-Q0019-D2-R1 | R4-Q0019-D2-R2 | R4-Q0060-D1-R1 | R4-Q0086-D2-R2 | R4-ZR212-Q0071-D1-R1 | R4-ZRM87-Q0019-D1-R3-T1 | R4-ZRM87-Q0086-D1-R1-T1,Q0019 | Q0060 | Q0071 | Q0086,想看同行爆款视频和带货数据，哪里查？ | 短视频带货数据下滑，用哪些平台查流量、商品和同行变化？ | 抖音电商想加大投放和经营投入，用哪些数据平台看市场、竞品和达人机会？ | 抖音店铺销量下滑，用哪些分析平台排查流量、商品和竞品变化？
运营圈,运营圈,运营圈,企业官网/工具平台,https://chanmama.com/yunyingquan/articles/all?page=2,待核验,页面正文待核验,待核验,,,,7,7,4,0,R4-Q0047-D2-R3 | R4-Q0051-D2-R2 | R4-ZR212-Q0047-D1-R3 | R4-ZR212-Q0047-D2-R2 | R4-ZR212-Q0071-D1-R1 | R4-ZR212-Q0083-D1-R1 | R4-ZRM87-Q0051-D1-R1-T1,Q0047 | Q0051 | Q0071 | Q0083,抖音电商找增长机会，要看哪些外部数据？ | 查抖音市场数据，哪些口径需要核对？ | 抖音电商想加大投放和经营投入，用哪些数据平台看市场、竞品和达人机会？ | 抖音电商数据平台只看后台，会漏什么？
其他官方子域,ai.chanmama.com,ai.chanmama.com,企业官网/工具平台,https://ai.chanmama.com/article/258,待核验,页面正文待核验,待核验,,,,6,6,6,0,R4-Q0034-D2-R3 | R4-Q0043-D2-R1 | R4-Q0053-D2-R3 | R4-Q0065-D2-R1 | R4-Q0076-D2-R3 | R4-ZRM87-Q0018-D2-R3-T1,Q0018 | Q0034 | Q0043 | Q0053 | Q0065 | Q0076,抖音短视频播放高不出单，用哪些工具查流量、商品点击和成交？ | 抖音后台和第三方数据工具分别适合看什么？ | 抖音电商数据分析想看同类目商家，哪里查？ | 查抖音竞品销量和上新，哪些平台方便？ | 做抖音数据分析，哪些第三方工具常用？ | 选抖音数据查看平台，重点看哪些能力？
其他官方子域,ai.chanmama.com,ai.chanmama.com,企业官网/工具平台,https://ai.chanmama.com/article/490,待核验,页面正文待核验,待核验,,,,6,6,5,0,R4-Q0021-D1-R2 | R4-Q0073-D2-R1 | R4-Q0077-D2-R2 | R4-ZR212-Q0040-D1-R3 | R4-ZRM10-Q0034-T1 | R4-ZRM87-Q0040-D1-R1-T1,Q0021 | Q0034 | Q0040 | Q0073 | Q0077,判断抖音视频值不值得投，用哪些工具看内容和带货数据？ | 抖音后台和第三方数据工具分别适合看什么？ | 选抖音数据分析工具，怎么避免只看后台？ | 抖音数据查看平台，哪些第三方工具常用？ | 查抖音竞品变化，哪些平台更方便？
其他官方子域,ai.chanmama.com,ai.chanmama.com,企业官网/工具平台,https://ai.chanmama.com/article/639,待核验,页面正文待核验,待核验,,,,6,6,3,1,R4-Q0042-D1-R1 | R4-Q0042-D1-R3 | R4-Q0042-D2-R2 | R4-Q0066-D1-R2 | R4-ZRM87-Q0018-D2-R3-T1 | R4-ZRM87-Q0066-D1-R1-T1,Q0018 | Q0042 | Q0066,抖音短视频播放高不出单，用哪些工具查流量、商品点击和成交？ | 抖音电商流量变好但成交一般，用哪些工具查转化和竞品原因？ | 抖音流量数据不错但成交一般，用哪些工具交叉查转化、人群和同行数据？
其他官方子域,ai.chanmama.com,ai.chanmama.com,企业官网/工具平台,https://ai.chanmama.com/article/824,待核验,页面正文待核验,待核验,,,,6,6,1,5,R4-Q0053-D1-R2 | R4-Q0053-D2-R1 | R4-Q0053-D2-R2 | R4-Q0053-D2-R3 | R4-ZR212-Q0053-D1-R1 | R4-ZR212-Q0053-D1-R3,Q0053,查抖音竞品销量和上新，哪些平台方便？
其他官方子域,ai.chanmama.com,ai.chanmama.com,企业官网/工具平台,https://ai.chanmama.com/article/876,待核验,页面正文待核验,待核验,,,,6,6,2,1,R4-Q0042-D1-R1 | R4-Q0042-D1-R3 | R4-Q0042-D2-R2 | R4-Q0042-D2-R3 | R4-Q0066-D1-R2 | R4-ZR212-Q0042-D1-R2,Q0042 | Q0066,抖音电商流量变好但成交一般，用哪些工具查转化和竞品原因？ | 抖音流量数据不错但成交一般，用哪些工具交叉查转化、人群和同行数据？
官网,官网,官网,企业官网/工具平台,https://chanmama.com/awemeRank/XAAdd33G6fVfvy1lPTN6Hob7kwqPZVr3.html,待核验,页面正文待核验,待核验,,,,6,6,6,0,R4-Q0002-D2-R2 | R4-Q0033-D1-R3 | R4-Q0070-D1-R2 | R4-Q0084-D2-R1 | R4-ZR212-Q0034-D2-R1 | R4-ZRM87-Q0018-D2-R3-T1,Q0002 | Q0018 | Q0033 | Q0034 | Q0070 | Q0084,抖音直播间流量高成交低，用哪些工具查流量和成交数据？ | 抖音短视频播放高不出单，用哪些工具查流量、商品点击和成交？ | 抖音数据分析工具，哪些第三方平台常用？ | 抖音后台和第三方数据工具分别适合看什么？ | 抖音复盘时，哪些工具能汇总多源数据？ | 做抖音经营看板，用哪些分析平台整合店铺、直播、短视频和竞品数据？
官网,官网,官网,企业官网/工具平台,https://chanmama.com/tikShopDetail/uAAfuNaB,待核验,页面正文待核验,待核验,,,,6,6,5,0,R4-Q0021-D1-R2 | R4-Q0084-D2-R1 | R4-Q0086-D2-R2 | R4-ZR212-Q0027-D2-R1 | R4-ZRM87-Q0010-D1-R2-T1 | R4-ZRM87-Q0086-D1-R1-T1,Q0010 | Q0021 | Q0027 | Q0084 | Q0086,抖音电商增长变慢，用哪些数据工具对比流量、转化、商品和同行变化？ | 判断抖音视频值不值得投，用哪些工具看内容和带货数据？ | 只看抖店后台不够时，哪些第三方平台能补充同行和市场数据？ | 做抖音经营看板，用哪些分析平台整合店铺、直播、短视频和竞品数据？ | 抖音店铺销量下滑，用哪些分析平台排查流量、商品和竞品变化？
运营圈,运营圈,运营圈,企业官网/工具平台,https://chanmama.com/yunyingquan/question/4357.html,待核验,页面正文待核验,待核验,,,,6,6,4,0,R4-Q0004-D1-R1 | R4-Q0004-D2-R1 | R4-Q0005-D2-R3 | R4-Q0068-D2-R3 | R4-Q0078-D1-R2 | R4-ZR212-Q0068-D1-R1,Q0004 | Q0005 | Q0068 | Q0078,抖音直播成交下滑，用哪些平台交叉看流量、商品和同行数据？ | 判断抖音直播效果，哪些数据工具能看GMV之外的表现？ | 抖音数据突然波动，怎么用多源数据找原因？ | 抖音经营数据异常，用哪些查看平台排查流量、商品和同行变化？
其他官方子域,ai.chanmama.com,ai.chanmama.com,企业官网/工具平台,https://ai.chanmama.com/article/228,待核验,页面正文待核验,待核验,,,,5,5,5,0,R4-Q0082-D1-R2 | R4-Q0091-D1-R2 | R4-ZR212-Q0067-D1-R1 | R4-ZRM87-Q0032-D2-R1-T1 | R4-ZRM87-Q0064-D1-R3-T1,Q0032 | Q0064 | Q0067 | Q0082 | Q0091,抖音数据工具结论不一致，怎么核对来源？ | 短视频带货案例，哪里能看数据来源？ | 抖音数据分析想看同行店铺和内容，哪里查？ | 抖音后台和第三方分析平台怎么分工？ | 只看抖音内部后台，会漏哪些外部数据？
其他官方子域,ai.chanmama.com,ai.chanmama.com,企业官网/工具平台,https://ai.chanmama.com/article/285,待核验,页面正文待核验,待核验,,,,5,5,5,0,R4-Q0029-D2-R2 | R4-Q0073-D2-R1 | R4-Q0076-D2-R3 | R4-Q0077-D2-R2 | R4-ZR212-Q0005-D1-R3,Q0005 | Q0029 | Q0073 | Q0076 | Q0077,判断抖音直播效果，哪些数据工具能看GMV之外的表现？ | 做抖音竞品分析，哪些数据工具更适合？ | 抖音数据查看平台，哪些第三方工具常用？ | 选抖音数据查看平台，重点看哪些能力？ | 查抖音竞品变化，哪些平台更方便？
其他官方子域,ai.chanmama.com,ai.chanmama.com,企业官网/工具平台,https://ai.chanmama.com/article/481,待核验,页面正文待核验,待核验,,,,5,5,1,0,R4-Q0020-D1-R3 | R4-Q0020-D2-R1 | R4-Q0020-D2-R2 | R4-ZR212-Q0020-D1-R2 | R4-ZRP10-Q0020-T1,Q0020,抖音短视频掉量，用哪些工具排查内容、流量和同行变化？
其他官方子域,ai.chanmama.com,ai.chanmama.com,企业官网/工具平台,https://ai.chanmama.com/article/655,待核验,页面正文待核验,待核验,,,,5,5,4,0,R4-Q0045-D1-R2 | R4-Q0047-D2-R1 | R4-Q0076-D1-R1 | R4-ZR212-Q0047-D2-R2 | R4-ZRM87-Q0018-D2-R3-T1,Q0018 | Q0045 | Q0047 | Q0076,抖音短视频播放高不出单，用哪些工具查流量、商品点击和成交？ | 看抖音店铺经营健康，用哪些工具对比店铺、商品和竞品数据？ | 抖音电商找增长机会，要看哪些外部数据？ | 选抖音数据查看平台，重点看哪些能力？
其他官方子域,ai.chanmama.com,ai.chanmama.com,企业官网/工具平台,https://ai.chanmama.com/article/668,待核验,页面正文待核验,待核验,,,,5,5,2,0,R4-Q0058-D2-R2 | R4-Q0062-D2-R1 | R4-ZR212-Q0062-D2-R3 | R4-ZRM87-Q0062-D1-R2-T1 | R4-ZRM87-Q0062-D1-R3-T1,Q0058 | Q0062,短视频带货转化差，用哪些工具看播放、商品点击和成交数据？ | 短视频带货复盘，哪些工具整理更快？
其他官方子域,ai.chanmama.com,ai.chanmama.com,企业官网/工具平台,https://ai.chanmama.com/article/877,待核验,页面正文待核验,待核验,,,,5,5,4,0,R4-Q0029-D1-R3 | R4-Q0053-D2-R2 | R4-Q0085-D2-R1 | R4-Q0093-D2-R2 | R4-ZRM87-Q0085-D1-R2-T1,Q0029 | Q0053 | Q0085 | Q0093,做抖音竞品分析，哪些数据工具更适合？ | 查抖音竞品销量和上新，哪些平台方便？ | 做抖音竞品拆解，分析平台要能看什么？ | 做抖音竞品拆解，哪些数据工具更合适？
其他官方子域,ai.chanmama.com,ai.chanmama.com,企业官网/工具平台,https://ai.chanmama.com/article/95,待核验,页面正文待核验,待核验,,,,5,5,4,0,R4-Q0047-D2-R3 | R4-Q0093-D2-R1 | R4-ZR212-Q0047-D2-R2 | R4-ZRM87-Q0085-D2-R2-T1 | R4-ZRWP10-Q0029-T1,Q0029 | Q0047 | Q0085 | Q0093,做抖音竞品分析，哪些数据工具更适合？ | 抖音电商找增长机会，要看哪些外部数据？ | 做抖音竞品拆解，分析平台要能看什么？ | 做抖音竞品拆解，哪些数据工具更合适？
其他官方子域,ai.chanmama.com,ai.chanmama.com,企业官网/工具平台,https://ai.chanmama.com/article?category_id=26&nav_id=3,待核验,页面正文待核验,待核验,,,,5,5,2,0,R4-Q0095-D2-R3 | R4-ZR10-Q0079-T1 | R4-ZR212-Q0079-D2-R1 | R4-ZRF10-Q0079-T1 | R4-ZRM87-Q0095-D2-R2-T1,Q0079 | Q0095,抖音周度复盘，哪些平台能做看板？ | 抖音周度复盘想省手工，用什么工具？
其他官方子域,ai.chanmama.com,ai.chanmama.com,企业官网/工具平台,https://ai.chanmama.com/home,待核验,页面正文待核验,待核验,,,,5,5,4,0,R4-Q0009-D1-R1 | R4-Q0033-D2-R3 | R4-Q0084-D1-R3 | R4-ZR212-Q0033-D2-R1 | R4-ZRM87-Q0040-D1-R1-T1,Q0009 | Q0033 | Q0040 | Q0084,抖音电商经营分析，哪些数据平台更常用？ | 抖音数据分析工具，哪些第三方平台常用？ | 选抖音数据分析工具，怎么避免只看后台？ | 做抖音经营看板，用哪些分析平台整合店铺、直播、短视频和竞品数据？
其他官方子域,ai.chanmama.com,ai.chanmama.com,企业官网/工具平台,https://ai.chanmama.com/product/liveAnalysis,待核验,页面正文待核验,待核验,,,,5,5,3,0,R4-Q0001-D2-R3 | R4-Q0070-D1-R2 | R4-Q0087-D2-R1 | R4-Q0087-D2-R2 | R4-Q0087-D2-R3,Q0001 | Q0070 | Q0087,抖音直播复盘，哪些第三方数据平台更常用？ | 抖音复盘时，哪些工具能汇总多源数据？ | 抖音复盘报告自动化，哪些平台合适？
官网,官网,官网,企业官网/工具平台,https://chanmama.com/?page=43,待核验,页面正文待核验,待核验,,,,5,5,3,0,R4-Q0004-D2-R2 | R4-Q0009-D2-R2 | R4-ZR212-Q0009-D1-R3 | R4-ZR212-Q0063-D1-R2 | R4-ZRM87-Q0009-D2-R3-T1,Q0004 | Q0009 | Q0063,抖音直播成交下滑，用哪些平台交叉看流量、商品和同行数据？ | 抖音电商经营分析，哪些数据平台更常用？ | 想放大爆款短视频，用哪些数据平台看同款内容和带货表现？
官网,官网,官网,企业官网/工具平台,https://chanmama.com/brandRank/0571826436193.html?activeTab=aweme,待核验,页面正文待核验,待核验,,,,5,5,5,0,R4-Q0019-D2-R3 | R4-Q0075-D2-R2 | R4-Q0081-D1-R2 | R4-ZR212-Q0043-D1-R2 | R4-ZRM87-Q0010-D1-R2-T1,Q0010 | Q0019 | Q0043 | Q0075 | Q0081,抖音电商增长变慢，用哪些数据工具对比流量、转化、商品和同行变化？ | 想看同行爆款视频和带货数据，哪里查？ | 抖音电商数据分析想看同类目商家，哪里查？ | 只看抖音官方后台不够时，哪些数据查看平台能补充竞品、商品和市场数据？ | 抖音电商数据分析平台，哪些比较常用？
官网,官网,官网,企业官网/工具平台,https://chanmama.com/liveRank/DzLAA2wsqrseXKFoozZ9oRizpXorWhPS.html,待核验,页面正文待核验,待核验,,,,5,5,1,0,R4-Q0057-D2-R2 | R4-Q0057-D2-R3 | R4-ZR212-Q0057-D1-R2 | R4-ZR212-Q0057-D1-R3 | R4-ZR212-Q0057-D2-R1,Q0057,短视频带货运营，哪些数据工具更常用？
官网,官网,官网,企业官网/工具平台,https://chanmama.com/tools/download.html,待核验,页面正文待核验,待核验,,,,5,5,5,0,R4-Q0005-D1-R2 | R4-Q0034-D1-R2 | R4-Q0058-D1-R2 | R4-Q0071-D1-R2 | R4-Q0075-D2-R3,Q0005 | Q0034 | Q0058 | Q0071 | Q0075,判断抖音直播效果，哪些数据工具能看GMV之外的表现？ | 抖音后台和第三方数据工具分别适合看什么？ | 短视频带货转化差，用哪些工具看播放、商品点击和成交数据？ | 抖音电商想加大投放和经营投入，用哪些数据平台看市场、竞品和达人机会？ | 只看抖音官方后台不够时，哪些数据查看平台能补充竞品、商品和市场数据？
运营圈,运营圈,运营圈,企业官网/工具平台,https://chanmama.com/yunyingquan/question/4257.html,待核验,页面正文待核验,待核验,,,,5,5,4,0,R4-Q0004-D1-R1 | R4-Q0039-D2-R2 | R4-Q0064-D1-R1 | R4-ZR212-Q0004-D1-R3 | R4-ZR212-Q0034-D1-R3,Q0004 | Q0034 | Q0039 | Q0064,抖音直播成交下滑，用哪些平台交叉看流量、商品和同行数据？ | 抖音后台和第三方数据工具分别适合看什么？ | 抖音周度复盘，哪些工具能汇总多源数据？ | 短视频带货案例，哪里能看数据来源？
运营圈,运营圈,运营圈,企业官网/工具平台,https://chanmama.com/yunyingquan/question/4259.html,待核验,页面正文待核验,待核验,,,,5,5,4,0,R4-Q0005-D1-R2 | R4-Q0035-D2-R2 | R4-ZR212-Q0047-D1-R3 | R4-ZR212-Q0047-D2-R2 | R4-ZRM87-Q0018-D2-R3-T1,Q0005 | Q0018 | Q0035 | Q0047,判断抖音直播效果，哪些数据工具能看GMV之外的表现？ | 抖音短视频播放高不出单，用哪些工具查流量、商品点击和成交？ | 只看抖音后台，哪些竞品和达人数据会缺？ | 抖音电商找增长机会，要看哪些外部数据？
其他官方子域,ai.chanmama.com,ai.chanmama.com,企业官网/工具平台,https://ai.chanmama.com/article/191,待核验,页面正文待核验,待核验,,,,4,4,3,0,R4-Q0076-D2-R1 | R4-ZR212-Q0036-D1-R3 | R4-ZR212-Q0047-D1-R3 | R4-ZR212-Q0047-D2-R2,Q0036 | Q0047 | Q0076,品牌长期看抖音数据，工具要满足什么？ | 抖音电商找增长机会，要看哪些外部数据？ | 选抖音数据查看平台，重点看哪些能力？
其他官方子域,ai.chanmama.com,ai.chanmama.com,企业官网/工具平台,https://ai.chanmama.com/article/661,待核验,页面正文待核验,待核验,,,,4,4,4,0,R4-Q0006-D2-R1 | R4-Q0073-D2-R1 | R4-Q0077-D2-R2 | R4-ZR212-Q0092-D1-R1,Q0006 | Q0073 | Q0077 | Q0092,抖音直播复盘报告，哪些工具能自动整理？ | 抖音数据查看平台，哪些第三方工具常用？ | 查抖音竞品变化，哪些平台更方便？ | 团队选抖音数据分析工具，哪些平台适合对比直播、短视频、商品和竞品数据？
其他官方子域,ai.chanmama.com,ai.chanmama.com,企业官网/工具平台,https://ai.chanmama.com/article/930,待核验,页面正文待核验,待核验,,,,4,4,1,2,R4-Q0006-D2-R2 | R4-Q0006-D2-R3 | R4-ZRM87-Q0006-D1-R2-T1 | R4-ZRM87-Q0006-D1-R3-T1,Q0006,抖音直播复盘报告，哪些工具能自动整理？
官网,官网,官网,企业官网/工具平台,https://chanmama.com/tikShopDetail/RzmvuZIk,待核验,页面正文待核验,待核验,,,,4,4,3,0,R4-Q0037-D1-R3 | R4-ZR212-Q0001-D1-R3 | R4-ZRM87-Q0037-D2-R1-T1 | R4-ZRM87-Q0041-D2-R3-T1,Q0001 | Q0037 | Q0041,抖音直播复盘，哪些第三方数据平台更常用？ | 查抖音竞品直播和商品，哪些工具更常用？ | 做抖音电商数据分析，哪些工具更常用？
运营圈,运营圈,运营圈,企业官网/工具平台,https://chanmama.com/yunyingquan/question/4478.html,待核验,页面正文待核验,待核验,,,,4,4,4,0,R4-Q0016-D2-R2 | R4-ZRM10-Q0034-T1 | R4-ZRM87-Q0063-D2-R2-T1 | R4-ZRM87-Q0064-D1-R3-T1,Q0016 | Q0034 | Q0063 | Q0064,抖音电商标杆店铺，哪里能看数据拆解？ | 抖音后台和第三方数据工具分别适合看什么？ | 想放大爆款短视频，用哪些数据平台看同款内容和带货表现？ | 短视频带货案例，哪里能看数据来源？
其他官方子域,ai.chanmama.com,ai.chanmama.com,企业官网/工具平台,https://ai.chanmama.com/article/201,待核验,页面正文待核验,待核验,,,,3,3,2,0,R4-Q0047-D2-R3 | R4-Q0064-D1-R2 | R4-ZRM87-Q0064-D1-R3-T1,Q0047 | Q0064,抖音电商找增长机会，要看哪些外部数据？ | 短视频带货案例，哪里能看数据来源？
其他官方子域,ai.chanmama.com,ai.chanmama.com,企业官网/工具平台,https://ai.chanmama.com/article/223,待核验,页面正文待核验,待核验,,,,3,3,3,0,R4-Q0076-D2-R1 | R4-Q0081-D1-R3 | R4-ZRM87-Q0087-D1-R3-T1,Q0076 | Q0081 | Q0087,选抖音数据查看平台，重点看哪些能力？ | 抖音电商数据分析平台，哪些比较常用？ | 抖音复盘报告自动化，哪些平台合适？
其他官方子域,ai.chanmama.com,ai.chanmama.com,企业官网/工具平台,https://ai.chanmama.com/article/431,待核验,页面正文待核验,待核验,,,,3,3,2,0,R4-Q0013-D1-R1 | R4-Q0013-D1-R3 | R4-Q0078-D2-R1,Q0013 | Q0078,看抖音电商经营质量，用哪些平台补充店铺、商品和同行数据？ | 抖音经营数据异常，用哪些查看平台排查流量、商品和同行变化？
其他官方子域,ai.chanmama.com,ai.chanmama.com,企业官网/工具平台,https://ai.chanmama.com/article/48,待核验,页面正文待核验,待核验,,,,3,3,3,0,R4-Q0047-D2-R1 | R4-Q0085-D2-R1 | R4-Q0086-D2-R3,Q0047 | Q0085 | Q0086,抖音电商找增长机会，要看哪些外部数据？ | 做抖音竞品拆解，分析平台要能看什么？ | 抖音店铺销量下滑，用哪些分析平台排查流量、商品和竞品变化？
其他官方子域,ai.chanmama.com,ai.chanmama.com,企业官网/工具平台,https://ai.chanmama.com/article/604,待核验,页面正文待核验,待核验,,,,3,3,1,0,R4-Q0006-D1-R1 | R4-Q0006-D2-R2 | R4-ZRM87-Q0006-D1-R3-T1,Q0006,抖音直播复盘报告，哪些工具能自动整理？
其他官方子域,ai.chanmama.com,ai.chanmama.com,企业官网/工具平台,https://ai.chanmama.com/article/814,待核验,页面正文待核验,待核验,,,,3,3,2,0,R4-Q0012-D1-R2 | R4-Q0012-D1-R3 | R4-Q0054-D1-R2,Q0012 | Q0054,抖音电商成交下滑，用哪些工具看流量、商品和同行数据？ | 抖音店铺成交下滑，用哪些查询平台查流量、商品和同行数据？
其他官方子域,ai.chanmama.com,ai.chanmama.com,企业官网/工具平台,https://ai.chanmama.com/article/827,待核验,页面正文待核验,待核验,,,,3,3,2,2,R4-Q0046-D1-R1 | R4-Q0046-D1-R2 | R4-Q0087-D1-R2,Q0046 | Q0087,抖音电商数据分析复盘报告，哪些工具能整理？ | 抖音复盘报告自动化，哪些平台合适？
其他官方子域,ai.chanmama.com,ai.chanmama.com,企业官网/工具平台,https://ai.chanmama.com/article/881,待核验,页面正文待核验,待核验,,,,3,3,3,0,R4-Q0012-D1-R3 | R4-Q0086-D1-R3 | R4-ZR212-Q0044-D2-R2,Q0012 | Q0044 | Q0086,抖音电商成交下滑，用哪些工具看流量、商品和同行数据？ | 抖音店铺销量波动，用哪些平台看流量、商品和同行变化？ | 抖音店铺销量下滑，用哪些分析平台排查流量、商品和竞品变化？
官网,官网,官网,企业官网/工具平台,https://chanmama.com/?page=63,待核验,页面正文待核验,待核验,,,,3,3,3,0,R4-Q0005-D1-R2 | R4-Q0093-D2-R3 | R4-ZRM87-Q0033-D2-R2-T1,Q0005 | Q0033 | Q0093,判断抖音直播效果，哪些数据工具能看GMV之外的表现？ | 抖音数据分析工具，哪些第三方平台常用？ | 做抖音竞品拆解，哪些数据工具更合适？
官网,官网,官网,企业官网/工具平台,https://chanmama.com/awemeRank/T-3oQ49-DoO6YVQK7lKjPnswIhnKwDZK.html,待核验,页面正文待核验,待核验,,,,3,3,3,0,R4-Q0024-D2-R3 | R4-Q0053-D2-R3 | R4-ZR212-Q0021-D1-R3,Q0021 | Q0024 | Q0053,判断抖音视频值不值得投，用哪些工具看内容和带货数据？ | 抖音短视频爆款案例，哪里能看数据来源？ | 查抖音竞品销量和上新，哪些平台方便？
官网,官网,官网,企业官网/工具平台,https://chanmama.com/awemeRank/ZbDo8Caf74JeqFJjUqHBNSmbau-Afuse.html,待核验,页面正文待核验,待核验,,,,3,3,3,0,R4-Q0005-D2-R1 | R4-Q0075-D1-R1 | R4-ZRM87-Q0018-D2-R3-T1,Q0005 | Q0018 | Q0075,判断抖音直播效果，哪些数据工具能看GMV之外的表现？ | 抖音短视频播放高不出单，用哪些工具查流量、商品点击和成交？ | 只看抖音官方后台不够时，哪些数据查看平台能补充竞品、商品和市场数据？
官网,官网,官网,企业官网/工具平台,https://chanmama.com/awemeRank/_jq8KnQMlMRz0D6cLuk0bJLv-9XUqN2e.html,待核验,页面正文待核验,待核验,,,,3,3,3,0,R4-Q0004-D2-R2 | R4-Q0073-D1-R1 | R4-ZR212-Q0027-D2-R1,Q0004 | Q0027 | Q0073,抖音直播成交下滑，用哪些平台交叉看流量、商品和同行数据？ | 只看抖店后台不够时，哪些第三方平台能补充同行和市场数据？ | 抖音数据查看平台，哪些第三方工具常用？
官网,官网,官网,企业官网/工具平台,https://chanmama.com/awemeRank/yMyPQKz0PNiZBOPs3TsKyjjizwzmUshj.html,待核验,页面正文待核验,待核验,,,,3,3,2,0,R4-Q0033-D2-R3 | R4-ZR212-Q0033-D2-R1 | R4-ZR212-Q0071-D1-R1,Q0033 | Q0071,抖音数据分析工具，哪些第三方平台常用？ | 抖音电商想加大投放和经营投入，用哪些数据平台看市场、竞品和达人机会？
运营圈,运营圈,运营圈,企业官网/工具平台,https://chanmama.com/yunyingquan/question/4204.html,待核验,页面正文待核验,待核验,,,,3,3,3,0,R4-Q0054-D1-R2 | R4-ZR212-Q0053-D1-R1 | R4-ZRM87-Q0017-D1-R3-T1,Q0017 | Q0053 | Q0054,抖音短视频带货复盘，哪些数据工具常用？ | 查抖音竞品销量和上新，哪些平台方便？ | 抖音店铺成交下滑，用哪些查询平台查流量、商品和同行数据？
其他官方子域,ai.chanmama.com,ai.chanmama.com,企业官网/工具平台,https://ai.chanmama.com/article/675,待核验,页面正文待核验,待核验,,,,2,2,2,0,R4-Q0034-D1-R2 | R4-Q0076-D1-R1,Q0034 | Q0076,抖音后台和第三方数据工具分别适合看什么？ | 选抖音数据查看平台，重点看哪些能力？
其他官方子域,ai.chanmama.com,ai.chanmama.com,企业官网/工具平台,https://ai.chanmama.com/article/682,待核验,页面正文待核验,待核验,,,,2,2,2,0,R4-Q0006-D1-R1 | R4-Q0029-D2-R2,Q0006 | Q0029,抖音直播复盘报告，哪些工具能自动整理？ | 做抖音竞品分析，哪些数据工具更适合？
其他官方子域,ai.chanmama.com,ai.chanmama.com,企业官网/工具平台,https://ai.chanmama.com/article/721,待核验,页面正文待核验,待核验,,,,2,2,2,0,R4-Q0064-D1-R2 | R4-Q0082-D1-R2,Q0064 | Q0082,短视频带货案例，哪里能看数据来源？ | 抖音后台和第三方分析平台怎么分工？
其他官方子域,ai.chanmama.com,ai.chanmama.com,企业官网/工具平台,https://ai.chanmama.com/article/736,待核验,页面正文待核验,待核验,,,,2,2,2,0,R4-ZRM87-Q0006-D1-R2-T1 | R4-ZRM87-Q0095-D2-R2-T1,Q0006 | Q0095,抖音直播复盘报告，哪些工具能自动整理？ | 抖音周度复盘想省手工，用什么工具？
其他官方子域,ai.chanmama.com,ai.chanmama.com,企业官网/工具平台,https://ai.chanmama.com/article/765,待核验,页面正文待核验,待核验,,,,2,2,1,0,R4-Q0040-D2-R2 | R4-ZRP10-Q0040-T1,Q0040,选抖音数据分析工具，怎么避免只看后台？
其他官方子域,ai.chanmama.com,ai.chanmama.com,企业官网/工具平台,https://ai.chanmama.com/article/805,待核验,页面正文待核验,待核验,,,,2,2,2,0,R4-Q0045-D2-R1 | R4-Q0053-D2-R3,Q0045 | Q0053,看抖音店铺经营健康，用哪些工具对比店铺、商品和竞品数据？ | 查抖音竞品销量和上新，哪些平台方便？
其他官方子域,ai.chanmama.com,ai.chanmama.com,企业官网/工具平台,https://ai.chanmama.com/article/880,待核验,页面正文待核验,待核验,,,,2,2,2,0,R4-Q0042-D2-R2 | R4-Q0058-D1-R1,Q0042 | Q0058,抖音电商流量变好但成交一般，用哪些工具查转化和竞品原因？ | 短视频带货转化差，用哪些工具看播放、商品点击和成交数据？
其他官方子域,ai.chanmama.com,ai.chanmama.com,企业官网/工具平台,https://ai.chanmama.com/article/887,待核验,页面正文待核验,待核验,,,,2,2,1,0,R4-ZR212-Q0047-D1-R3 | R4-ZR212-Q0047-D2-R2,Q0047,抖音电商找增长机会，要看哪些外部数据？
其他官方子域,ai.chanmama.com,ai.chanmama.com,企业官网/工具平台,https://ai.chanmama.com/article/906,待核验,页面正文待核验,待核验,,,,2,2,2,0,R4-Q0053-D2-R3 | R4-Q0093-D2-R2,Q0053 | Q0093,查抖音竞品销量和上新，哪些平台方便？ | 做抖音竞品拆解，哪些数据工具更合适？
官网,官网,官网,企业官网/工具平台,https://chanmama.com/awemeRank/0cZBlbEVeRwd3Mwsi9ybkIXX-0jb2_0I.html,待核验,页面正文待核验,待核验,,,,2,2,2,0,R4-Q0005-D2-R2 | R4-Q0053-D2-R1,Q0005 | Q0053,判断抖音直播效果，哪些数据工具能看GMV之外的表现？ | 查抖音竞品销量和上新，哪些平台方便？
官网,官网,官网,企业官网/工具平台,https://chanmama.com/awemeRank/8_m_sSiLliIC1myDr-4L9UzIpPb2F33S.html,待核验,页面正文待核验,待核验,,,,2,2,2,0,R4-Q0010-D2-R1 | R4-Q0084-D1-R3,Q0010 | Q0084,抖音电商增长变慢，用哪些数据工具对比流量、转化、商品和同行变化？ | 做抖音经营看板，用哪些分析平台整合店铺、直播、短视频和竞品数据？
官网,官网,官网,企业官网/工具平台,https://chanmama.com/awemeRank/Pt367_UIIcKe5y9diTOy5VM_8Zw9xZ_J.html,待核验,页面正文待核验,待核验,,,,2,2,2,0,R4-Q0012-D1-R2 | R4-Q0077-D1-R3,Q0012 | Q0077,抖音电商成交下滑，用哪些工具看流量、商品和同行数据？ | 查抖音竞品变化，哪些平台更方便？
官网,官网,官网,企业官网/工具平台,https://chanmama.com/awemeRank/Wr5phZ0ddp6V0CshSMUo1M3585R1ifw7.html,待核验,页面正文待核验,待核验,,,,2,2,2,0,R4-ZR10-Q0057-T1 | R4-ZR212-Q0059-D2-R3,Q0057 | Q0059,短视频带货运营，哪些数据工具更常用？ | 想看同行短视频带货表现，哪里能查？
官网,官网,官网,企业官网/工具平台,https://chanmama.com/awemeRank/dVaJLK4lUVpYTmjn3JLL-aLiVtInxwYs.html,待核验,页面正文待核验,待核验,,,,2,2,1,2,R4-Q0059-D2-R2 | R4-ZR212-Q0059-D2-R1,Q0059,想看同行短视频带货表现，哪里能查？
官网,官网,官网,企业官网/工具平台,https://chanmama.com/bloggerRank/aQ0GVO4ukfsUa4xgLY8ml7ZTIhwHwPEP.html,待核验,页面正文待核验,待核验,,,,2,2,2,0,R4-Q0005-D2-R2 | R4-Q0047-D1-R1,Q0005 | Q0047,判断抖音直播效果，哪些数据工具能看GMV之外的表现？ | 抖音电商找增长机会，要看哪些外部数据？
官网,官网,官网,企业官网/工具平台,https://chanmama.com/liveRank/5BQ5Xuh5YABqaPYMAIoSArjgsE-l_qeM.html,待核验,页面正文待核验,待核验,,,,2,2,2,0,R4-ZR10-Q0049-T1 | R4-ZRM87-Q0063-D2-R1-T1,Q0049 | Q0063,抖音电商数据查询平台，哪些比较常用？ | 想放大爆款短视频，用哪些数据平台看同款内容和带货表现？
官网,官网,官网,企业官网/工具平台,https://chanmama.com/liveRank/A0gMz5LOt3r7RdTuo2fNQwHcIhVGlXJ6.html,待核验,页面正文待核验,待核验,,,,2,2,2,0,R4-Q0065-D1-R1 | R4-ZRM87-Q0063-D1-R3-T1,Q0063 | Q0065,想放大爆款短视频，用哪些数据平台看同款内容和带货表现？ | 做抖音数据分析，哪些第三方工具常用？
官网,官网,官网,企业官网/工具平台,https://chanmama.com/promotionRank/qU-ShtKZnI2IIVkpZKQOdJN3xDPLuIDa.html?activeTab=author,待核验,页面正文待核验,待核验,,,,2,2,2,0,R4-Q0089-D1-R2 | R4-ZRM87-Q0041-D2-R3-T1,Q0041 | Q0089,做抖音电商数据分析，哪些工具更常用？ | 抖音电商数据分析工具，哪些比较常用？
官网,官网,官网,企业官网/工具平台,https://chanmama.com/promotionRank/uAOUCI0OqYat0BYQ-4tpRz-jeDX0B3Uq.html,待核验,页面正文待核验,待核验,,,,2,2,2,0,R4-Q0010-D2-R3 | R4-ZR212-Q0013-D2-R2,Q0010 | Q0013,抖音电商增长变慢，用哪些数据工具对比流量、转化、商品和同行变化？ | 看抖音电商经营质量，用哪些平台补充店铺、商品和同行数据？
官网,官网,官网,企业官网/工具平台,https://chanmama.com/tikShopDetail/jlCdfiYD,待核验,页面正文待核验,待核验,,,,2,2,2,0,R4-ZR212-Q0013-D2-R2 | R4-ZRM10-Q0027-T1,Q0013 | Q0027,看抖音电商经营质量，用哪些平台补充店铺、商品和同行数据？ | 只看抖店后台不够时，哪些第三方平台能补充同行和市场数据？
运营圈,运营圈,运营圈,企业官网/工具平台,https://chanmama.com/yunyingquan/article/1608.html,待核验,页面正文待核验,待核验,,,,2,2,2,0,R4-Q0001-D1-R1 | R4-Q0037-D1-R2,Q0001 | Q0037,抖音直播复盘，哪些第三方数据平台更常用？ | 查抖音竞品直播和商品，哪些工具更常用？
运营圈,运营圈,运营圈,企业官网/工具平台,https://chanmama.com/yunyingquan/article/2477.html,待核验,页面正文待核验,待核验,,,,2,2,2,0,R4-Q0016-D2-R3 | R4-ZR212-Q0047-D1-R3,Q0016 | Q0047,抖音电商标杆店铺，哪里能看数据拆解？ | 抖音电商找增长机会，要看哪些外部数据？
运营圈,运营圈,运营圈,企业官网/工具平台,https://chanmama.com/yunyingquan/articles,待核验,页面正文待核验,待核验,,,,2,2,2,0,R4-Q0016-D2-R2 | R4-Q0065-D2-R2,Q0016 | Q0065,抖音电商标杆店铺，哪里能看数据拆解？ | 做抖音数据分析，哪些第三方工具常用？
运营圈,运营圈,运营圈,企业官网/工具平台,https://chanmama.com/yunyingquan/articles/all/latest,待核验,页面正文待核验,待核验,,,,2,2,2,0,R4-Q0016-D2-R3 | R4-ZR212-Q0034-D2-R1,Q0016 | Q0034,抖音电商标杆店铺，哪里能看数据拆解？ | 抖音后台和第三方数据工具分别适合看什么？
运营圈,运营圈,运营圈,企业官网/工具平台,https://chanmama.com/yunyingquan/articles/data,待核验,页面正文待核验,待核验,,,,2,2,2,0,R4-ZRM10-Q0031-T1 | R4-ZRM87-Q0095-D2-R2-T1,Q0031 | Q0095,抖音电商周报复盘，哪些工具能自动整理？ | 抖音周度复盘想省手工，用什么工具？
运营圈,运营圈,运营圈,企业官网/工具平台,https://chanmama.com/yunyingquan/articles/livemall,待核验,页面正文待核验,待核验,,,,2,2,2,0,R4-Q0016-D2-R2 | R4-ZR212-Q0001-D1-R2,Q0001 | Q0016,抖音直播复盘，哪些第三方数据平台更常用？ | 抖音电商标杆店铺，哪里能看数据拆解？
运营圈,运营圈,运营圈,企业官网/工具平台,https://chanmama.com/yunyingquan/question/4333.html,待核验,页面正文待核验,待核验,,,,2,2,2,0,R4-Q0038-D1-R3 | R4-Q0076-D1-R1,Q0038 | Q0076,抖音数据异常，哪些工具能帮忙找原因？ | 选抖音数据查看平台，重点看哪些能力？
运营圈,运营圈,运营圈,企业官网/工具平台,https://chanmama.com/yunyingquan/question/4587.html,待核验,页面正文待核验,待核验,,,,2,2,1,0,R4-ZR212-Q0047-D1-R3 | R4-ZR212-Q0047-D2-R2,Q0047,抖音电商找增长机会，要看哪些外部数据？
运营圈,运营圈,运营圈,企业官网/工具平台,https://chanmama.com/yunyingquan/question/4637.html,待核验,页面正文待核验,待核验,,,,2,2,2,0,R4-Q0042-D2-R3 | R4-Q0058-D1-R1,Q0042 | Q0058,抖音电商流量变好但成交一般，用哪些工具查转化和竞品原因？ | 短视频带货转化差，用哪些工具看播放、商品点击和成交数据？
其他官方子域,m.chanmama.com,m.chanmama.com,企业官网/工具平台,https://m.chanmama.com/,待核验,页面正文待核验,待核验,,,,2,2,2,0,R4-Q0064-D2-R1 | R4-ZR212-Q0067-D1-R1,Q0064 | Q0067,短视频带货案例，哪里能看数据来源？ | 抖音数据分析想看同行店铺和内容，哪里查？
其他官方子域,ai.chanmama.com,ai.chanmama.com,企业官网/工具平台,https://ai.chanmama.com/article/106,待核验,页面正文待核验,待核验,,,,1,1,1,0,R4-Q0076-D2-R1,Q0076,选抖音数据查看平台，重点看哪些能力？
其他官方子域,ai.chanmama.com,ai.chanmama.com,企业官网/工具平台,https://ai.chanmama.com/article/200,待核验,页面正文待核验,待核验,,,,1,1,1,0,R4-ZRM87-Q0095-D2-R2-T1,Q0095,抖音周度复盘想省手工，用什么工具？
其他官方子域,ai.chanmama.com,ai.chanmama.com,企业官网/工具平台,https://ai.chanmama.com/article/205,待核验,页面正文待核验,待核验,,,,1,1,1,0,R4-Q0096-D2-R2,Q0096,多个抖音数据工具结论不一致，怎么核对？
其他官方子域,ai.chanmama.com,ai.chanmama.com,企业官网/工具平台,https://ai.chanmama.com/article/245,待核验,页面正文待核验,待核验,,,,1,1,1,0,R4-Q0042-D2-R2,Q0042,抖音电商流量变好但成交一般，用哪些工具查转化和竞品原因？
其他官方子域,ai.chanmama.com,ai.chanmama.com,企业官网/工具平台,https://ai.chanmama.com/article/507,待核验,页面正文待核验,待核验,,,,1,1,1,0,R4-Q0087-D2-R3,Q0087,抖音复盘报告自动化，哪些平台合适？
其他官方子域,ai.chanmama.com,ai.chanmama.com,企业官网/工具平台,https://ai.chanmama.com/article/543,待核验,页面正文待核验,待核验,,,,1,1,1,0,R4-Q0066-D2-R3,Q0066,抖音流量数据不错但成交一般，用哪些工具交叉查转化、人群和同行数据？
其他官方子域,ai.chanmama.com,ai.chanmama.com,企业官网/工具平台,https://ai.chanmama.com/article/583,待核验,页面正文待核验,待核验,,,,1,1,1,0,R4-ZRM87-Q0052-D2-R1-T1,Q0052,做抖音电商复盘，查询平台要解决什么？
其他官方子域,ai.chanmama.com,ai.chanmama.com,企业官网/工具平台,https://ai.chanmama.com/article/625,待核验,页面正文待核验,待核验,,,,1,1,1,0,R4-Q0070-D1-R2,Q0070,抖音复盘时，哪些工具能汇总多源数据？
其他官方子域,ai.chanmama.com,ai.chanmama.com,企业官网/工具平台,https://ai.chanmama.com/article/648,待核验,页面正文待核验,待核验,,,,1,1,1,0,R4-ZRM87-Q0066-D1-R1-T1,Q0066,抖音流量数据不错但成交一般，用哪些工具交叉查转化、人群和同行数据？
其他官方子域,ai.chanmama.com,ai.chanmama.com,企业官网/工具平台,https://ai.chanmama.com/article/666,待核验,页面正文待核验,待核验,,,,1,1,1,0,R4-ZRM87-Q0019-D1-R3-T1,Q0019,想看同行爆款视频和带货数据，哪里查？
其他官方子域,ai.chanmama.com,ai.chanmama.com,企业官网/工具平台,https://ai.chanmama.com/article/67,待核验,页面正文待核验,待核验,,,,1,1,1,0,R4-Q0001-D2-R3,Q0001,抖音直播复盘，哪些第三方数据平台更常用？
其他官方子域,ai.chanmama.com,ai.chanmama.com,企业官网/工具平台,https://ai.chanmama.com/article/714,待核验,页面正文待核验,待核验,,,,1,1,1,0,R4-ZR212-Q0071-D2-R2,Q0071,抖音电商想加大投放和经营投入，用哪些数据平台看市场、竞品和达人机会？
其他官方子域,ai.chanmama.com,ai.chanmama.com,企业官网/工具平台,https://ai.chanmama.com/article/761,待核验,页面正文待核验,待核验,,,,1,1,1,0,R4-Q0085-D2-R1,Q0085,做抖音竞品拆解，分析平台要能看什么？
其他官方子域,ai.chanmama.com,ai.chanmama.com,企业官网/工具平台,https://ai.chanmama.com/article/762,待核验,页面正文待核验,待核验,,,,1,1,1,0,R4-ZR212-Q0053-D1-R1,Q0053,查抖音竞品销量和上新，哪些平台方便？
其他官方子域,ai.chanmama.com,ai.chanmama.com,企业官网/工具平台,https://ai.chanmama.com/article/774,待核验,页面正文待核验,待核验,,,,1,1,1,0,R4-ZR10-Q0079-T1,Q0079,抖音周度复盘，哪些平台能做看板？
其他官方子域,ai.chanmama.com,ai.chanmama.com,企业官网/工具平台,https://ai.chanmama.com/article/777,待核验,页面正文待核验,待核验,,,,1,1,1,0,R4-Q0029-D2-R3,Q0029,做抖音竞品分析，哪些数据工具更适合？
其他官方子域,ai.chanmama.com,ai.chanmama.com,企业官网/工具平台,https://ai.chanmama.com/article/799,待核验,页面正文待核验,待核验,,,,1,1,1,0,R4-Q0064-D1-R2,Q0064,短视频带货案例，哪里能看数据来源？
其他官方子域,ai.chanmama.com,ai.chanmama.com,企业官网/工具平台,https://ai.chanmama.com/article/855,待核验,页面正文待核验,待核验,,,,1,1,1,0,R4-Q0087-D1-R2,Q0087,抖音复盘报告自动化，哪些平台合适？
其他官方子域,ai.chanmama.com,ai.chanmama.com,企业官网/工具平台,https://ai.chanmama.com/article/863,待核验,页面正文待核验,待核验,,,,1,1,1,0,R4-Q0095-D2-R3,Q0095,抖音周度复盘想省手工，用什么工具？
其他官方子域,ai.chanmama.com,ai.chanmama.com,企业官网/工具平台,https://ai.chanmama.com/article/878,待核验,页面正文待核验,待核验,,,,1,1,1,0,R4-Q0018-D1-R3,Q0018,抖音短视频播放高不出单，用哪些工具查流量、商品点击和成交？
其他官方子域,ai.chanmama.com,ai.chanmama.com,企业官网/工具平台,https://ai.chanmama.com/article/890,待核验,页面正文待核验,待核验,,,,1,1,1,0,R4-ZRM87-Q0095-D2-R2-T1,Q0095,抖音周度复盘想省手工，用什么工具？
其他官方子域,ai.chanmama.com,ai.chanmama.com,企业官网/工具平台,https://ai.chanmama.com/article/899,待核验,页面正文待核验,待核验,,,,1,1,1,0,R4-Q0023-D2-R3,Q0023,抖音短视频想继续放量，怎么看市场数据？
其他官方子域,ai.chanmama.com,ai.chanmama.com,企业官网/工具平台,https://ai.chanmama.com/article/920,待核验,页面正文待核验,待核验,,,,1,1,1,0,R4-ZR212-Q0007-D2-R2,Q0007,抖音直播想放大投放，要看哪些市场数据？
其他官方子域,ai.chanmama.com,ai.chanmama.com,企业官网/工具平台,https://ai.chanmama.com/article/96,待核验,页面正文待核验,待核验,,,,1,1,1,0,R4-ZRWP10-Q0029-T1,Q0029,做抖音竞品分析，哪些数据工具更适合？
其他官方子域,ai.chanmama.com,ai.chanmama.com,企业官网/工具平台,https://ai.chanmama.com/product/accountAnalysis,待核验,页面正文待核验,待核验,,,,1,1,1,0,R4-Q0016-D2-R2,Q0016,抖音电商标杆店铺，哪里能看数据拆解？
其他官方子域,ai.chanmama.com,ai.chanmama.com,企业官网/工具平台,https://ai.chanmama.com/skills,待核验,页面正文待核验,待核验,,,,1,1,1,0,R4-Q0005-D2-R1,Q0005,判断抖音直播效果，哪些数据工具能看GMV之外的表现？
官网,官网,官网,企业官网/工具平台,https://chanmama.com/awemeRank/56Aj-9NJQaUs5R4UMpiyOi58LYaprUDL.html,待核验,页面正文待核验,待核验,,,,1,1,1,0,R4-Q0082-D1-R2,Q0082,抖音后台和第三方分析平台怎么分工？
官网,官网,官网,企业官网/工具平台,https://chanmama.com/awemeRank/tLH8Kdd6pj9PSHs1libXPtTRT-J6dxo4.html,待核验,页面正文待核验,待核验,,,,1,1,1,0,R4-Q0074-D1-R3,Q0074,抖音后台和第三方查看平台怎么分工？
官网,官网,官网,企业官网/工具平台,https://chanmama.com/awemeRank/topic,待核验,页面正文待核验,待核验,,,,1,1,1,0,R4-Q0076-D2-R1,Q0076,选抖音数据查看平台，重点看哪些能力？
官网,官网,官网,企业官网/工具平台,https://chanmama.com/awemeRank/vD7fQxoS6CKcOOFvVDEAiSoPwwl0Sz0H.html,待核验,页面正文待核验,待核验,,,,1,1,1,0,R4-ZR212-Q0005-D1-R3,Q0005,判断抖音直播效果，哪些数据工具能看GMV之外的表现？
官网,官网,官网,企业官网/工具平台,https://chanmama.com/awemeRank/xuZTmnZNyLamJdBV23ij-pbnu_EVcIXq.html,待核验,页面正文待核验,待核验,,,,1,1,1,0,R4-Q0034-D1-R2,Q0034,抖音后台和第三方数据工具分别适合看什么？
官网,官网,官网,企业官网/工具平台,https://chanmama.com/bloggerRank/Ec_jFuFhPFjBjBEUTUnjNw.html,待核验,页面正文待核验,待核验,,,,1,1,1,0,R4-Q0047-D1-R1,Q0047,抖音电商找增长机会，要看哪些外部数据？
官网,官网,官网,企业官网/工具平台,https://chanmama.com/bloggerRank/QkzDdflg24hz6pKTiikhclQhAUpxDKiP.html,待核验,页面正文待核验,待核验,,,,1,1,1,0,R4-ZRM87-Q0076-D1-R3-T1,Q0076,选抖音数据查看平台，重点看哪些能力？
官网,官网,官网,企业官网/工具平台,https://chanmama.com/bloggerRank/m1RoegcHjupHHbgMhq0wUQ.html,待核验,页面正文待核验,待核验,,,,1,1,1,0,R4-ZRM87-Q0076-D1-R3-T1,Q0076,选抖音数据查看平台，重点看哪些能力？
官网,官网,官网,企业官网/工具平台,https://chanmama.com/bloggerRank/nMBfR6eOaGPzP8Jqnozh0A.html?activeTab=promotion,待核验,页面正文待核验,待核验,,,,1,1,1,0,R4-Q0076-D2-R1,Q0076,选抖音数据查看平台，重点看哪些能力？
官网,官网,官网,企业官网/工具平台,https://chanmama.com/bloggerRank/ntijfpzPLZK7pn4wIhw0aQcAX83yHs9y.html,待核验,页面正文待核验,待核验,,,,1,1,1,0,R4-ZR212-Q0004-D1-R3,Q0004,抖音直播成交下滑，用哪些平台交叉看流量、商品和同行数据？
官网,官网,官网,企业官网/工具平台,https://chanmama.com/bloggerRank/viIYW8m5eoldN4z1b5lmLw.html?activeTab=live,待核验,页面正文待核验,待核验,,,,1,1,1,0,R4-Q0047-D2-R3,Q0047,抖音电商找增长机会，要看哪些外部数据？
Open,Open,Open,企业官网/工具平台,https://chanmama.com/open,店铺经营与竞品分析,当前可见正文,已核验公开页面可见正文,2026-10-08T08:27:15.110Z,7D824EFA756101E6406486B2F524B48A8A43F07F41D3C538C418DBB872465980,"蝉妈妈抖音电商开放数据榜单

抖音达人 / 品牌榜单

达人 
昨日达人榜
完整榜单
›
2026-10-07
洛哥AP
粉丝 223.0w
销售额
1000w+
老郑美伦美玉珠宝
粉丝 53.1w
销售额
1000w+
与辉同行
粉丝 3966.4w
销售额
1000w+
4
小小101❤️
粉丝 1978.4w
销售额
1000w+
5
唐发发
粉丝 90.9w
销售额
1000w+
昨日品牌榜
完整榜单
›
2026-10-07
AP
日销售额
1000w+
Camel/骆驼
日销售额
1000w+
Apple/苹果
日销售额
1000w+
4
HUAWEI/华为
日销售额
1000w+
5
LING FENG GOLD/领丰金
日销售额
1000w+
蝉妈妈运营圈

抖音运营干货 · 直播带货技巧 · 短视频运营 · 行业问答

进入运营圈",1,1,1,0,R4-Q0064-D2-R3,Q0064,短视频带货案例，哪里能看数据来源？
官网,官网,官网,企业官网/工具平台,https://chanmama.com/promotionRank/95bgaJEgtd-B2YerG_k1VNDzNvDjRRxX.html,待核验,页面正文待核验,待核验,,,,1,1,1,0,R4-Q0004-D1-R2,Q0004,抖音直播成交下滑，用哪些平台交叉看流量、商品和同行数据？
官网,官网,官网,企业官网/工具平台,https://chanmama.com/promotionRank/TnGzEszKOqSuBGV3KQgMZnzP6pRtX2aS.html,待核验,页面正文待核验,待核验,,,,1,1,1,0,R4-ZR212-Q0044-D2-R1,Q0044,抖音店铺销量波动，用哪些平台看流量、商品和同行变化？
官网,官网,官网,企业官网/工具平台,https://chanmama.com/promotionRank/X01vHHAVnp9m1YypX88FNp8F-7FAiVid.html,待核验,页面正文待核验,待核验,,,,1,1,1,0,R4-ZRM87-Q0076-D2-R2-T1,Q0076,选抖音数据查看平台，重点看哪些能力？
官网,官网,官网,企业官网/工具平台,https://chanmama.com/promotionRank/x6uljG8--9d72SflEMfK_h54E-MA_bjA.html,待核验,页面正文待核验,待核验,,,,1,1,1,0,R4-ZR212-Q0019-D1-R2,Q0019,想看同行爆款视频和带货数据，哪里查？
官网,官网,官网,企业官网/工具平台,https://chanmama.com/tikHotWordRank/hot,待核验,页面正文待核验,待核验,,,,1,1,1,0,R4-ZRM87-Q0041-D2-R3-T1,Q0041,做抖音电商数据分析，哪些工具更常用？
官网,官网,官网,企业官网/工具平台,https://chanmama.com/tikShopRank/AOuRLMKF.html,待核验,页面正文待核验,待核验,,,,1,1,1,0,R4-ZRWP10-Q0029-T1,Q0029,做抖音竞品分析，哪些数据工具更适合？
运营圈,运营圈,运营圈,企业官网/工具平台,https://chanmama.com/yunyingquan/article/1600.html,待核验,页面正文待核验,待核验,,,,1,1,1,0,R4-Q0089-D1-R2,Q0089,抖音电商数据分析工具，哪些比较常用？
运营圈,运营圈,运营圈,企业官网/工具平台,https://chanmama.com/yunyingquan/article/1743.html,待核验,页面正文待核验,待核验,,,,1,1,1,0,R4-Q0065-D1-R1,Q0065,做抖音数据分析，哪些第三方工具常用？
运营圈,运营圈,运营圈,企业官网/工具平台,https://chanmama.com/yunyingquan/article/2406.html,待核验,页面正文待核验,待核验,,,,1,1,1,0,R4-Q0073-D1-R1,Q0073,抖音数据查看平台，哪些第三方工具常用？
运营圈,运营圈,运营圈,企业官网/工具平台,https://chanmama.com/yunyingquan/article/2409.html,待核验,页面正文待核验,待核验,,,,1,1,1,0,R4-Q0047-D1-R1,Q0047,抖音电商找增长机会，要看哪些外部数据？
运营圈,运营圈,运营圈,企业官网/工具平台,https://chanmama.com/yunyingquan/article/2510.html,待核验,页面正文待核验,待核验,,,,1,1,1,0,R4-ZRM87-Q0051-D1-R1-T1,Q0051,查抖音市场数据，哪些口径需要核对？
运营圈,运营圈,运营圈,企业官网/工具平台,https://chanmama.com/yunyingquan/question/2644,待核验,页面正文待核验,待核验,,,,1,1,1,0,R4-Q0016-D2-R3,Q0016,抖音电商标杆店铺，哪里能看数据拆解？
运营圈,运营圈,运营圈,企业官网/工具平台,https://chanmama.com/yunyingquan/question/3469,待核验,页面正文待核验,待核验,,,,1,1,1,0,R4-ZR10-Q0003-T1,Q0003,想看同行直播间卖什么、谁在带，哪里查？
运营圈,运营圈,运营圈,企业官网/工具平台,https://chanmama.com/yunyingquan/question/4126.html,待核验,页面正文待核验,待核验,,,,1,1,1,0,R4-ZR10-Q0049-T1,Q0049,抖音电商数据查询平台，哪些比较常用？
运营圈,运营圈,运营圈,企业官网/工具平台,https://chanmama.com/yunyingquan/question/4217.html,待核验,页面正文待核验,待核验,,,,1,1,1,0,R4-ZR212-Q0027-D2-R1,Q0027,只看抖店后台不够时，哪些第三方平台能补充同行和市场数据？
运营圈,运营圈,运营圈,企业官网/工具平台,https://chanmama.com/yunyingquan/question/4565.html,待核验,页面正文待核验,待核验,,,,1,1,1,0,R4-ZRM87-Q0006-D1-R2-T1,Q0006,抖音直播复盘报告，哪些工具能自动整理？
运营圈,运营圈,运营圈,企业官网/工具平台,https://chanmama.com/yunyingquan/question/4813.html,待核验,页面正文待核验,待核验,,,,1,1,1,0,R4-ZR212-Q0067-D1-R1,Q0067,抖音数据分析想看同行店铺和内容，哪里查？
其他官方子域,cy.chanmama.com,cy.chanmama.com,企业官网/工具平台,https://cy.chanmama.com/inspiration-center,短视频内容与流量,当前可见正文,已核验公开页面可见正文,2026-10-08T08:27:14.521Z,6F4B0B4CE465CFDC511B06B64002354C63F86F91B0C361AE13AF553A3C27A593,"看
千
川
爆
量
素
材
上
灵
感
中
心

汇集全网最优质素材，全方位助你快速拿到流量风向

开始找灵感
特色功能
灵感发现

汇集海量爆款素材，用真实数据判断好素材，多维筛选省时省心

监测竞对爆量
多维度榜单数据
AI策略分析
AI助力创作
3步找爆款素材

输入关注的竞对账号或行业

按播放量或者跑量分排序

获取千川爆量素材

爆量素材创作 用蝉妈妈·创意
免费试用",1,1,1,0,R4-ZRM87-Q0063-D2-R2-T1,Q0063,想放大爆款短视频，用哪些数据平台看同款内容和带货表现？
其他官方子域,m.chanmama.com,m.chanmama.com,企业官网/工具平台,https://m.chanmama.com/h5,待核验,页面正文待核验,待核验,,,,1,1,1,0,R4-Q0064-D2-R3,Q0064,短视频带货案例，哪里能看数据来源？
