domain,citations,event_share_pct,urls,answers,questions,type,owner,bytedance,external_partner_candidate
douyin.com,2350,19.69,674,507,93,抖音视频,字节跳动/头条系,True,False
jinritemai.com,1611,13.5,224,433,90,字节/头条系其他,字节跳动/头条系,True,False
sohu.com,925,7.75,131,443,92,新闻/门户/自媒体,搜狐,False,True
deepnavi.cn,631,5.29,10,362,84,企业官网/工具平台,外部企业,False,True
jzl.com,484,4.06,40,235,77,企业官网/工具平台,外部企业,False,True
csdn.net,473,3.96,120,302,87,社区/博客/问答,外部平台,False,True
fanruan.com,363,3.04,99,206,65,企业官网/工具平台,外部企业,False,True
163.com,353,2.96,25,251,83,新闻/门户/自媒体,网易,False,True
coonav.com,352,2.95,4,337,82,其他外部来源,所有者未核实,False,True
toutiao.com,320,2.68,74,215,83,字节/头条系其他,字节跳动/头条系,True,False
newrank.cn,269,2.25,37,188,63,企业官网/工具平台,外部企业,False,True
feigua.cn,250,2.09,38,194,68,企业官网/工具平台,外部企业,False,True
cnblogs.com,163,1.37,48,96,48,社区/博客/问答,外部平台,False,True
hwds868.com,149,1.25,17,106,46,其他外部来源,所有者未核实,False,True
aiproducthub.cn,146,1.22,9,114,63,其他外部来源,所有者未核实,False,True
smzdm.com,126,1.06,6,124,57,新闻/门户/自媒体,媒体平台,False,True
ai-indeed.com,124,1.04,47,78,33,其他外部来源,所有者未核实,False,True
duoduocm.com,122,1.02,5,120,57,其他外部来源,所有者未核实,False,True
guandata.com,103,0.86,11,92,37,其他外部来源,所有者未核实,False,True
apple.com,92,0.77,16,84,39,其他外部来源,所有者未核实,False,True
xiayx.com,83,0.7,7,79,45,其他外部来源,所有者未核实,False,True
iqinghu.com,77,0.65,16,63,35,其他外部来源,所有者未核实,False,True
php.cn,74,0.62,23,58,29,社区/博客/问答,外部平台,False,True
cxgn.cn,70,0.59,8,64,40,其他外部来源,所有者未核实,False,True
finebi.com,69,0.58,18,66,37,其他外部来源,所有者未核实,False,True
shankongmao.com,59,0.49,10,55,20,其他外部来源,所有者未核实,False,True
chanmama.com,53,0.44,5,49,32,企业官网/工具平台,外部企业,False,True
appchina.com,51,0.43,3,51,33,其他外部来源,所有者未核实,False,True
open-douyin.com,50,0.42,32,37,23,其他外部来源,所有者未核实,False,True
trenz.ai,50,0.42,8,34,21,其他外部来源,所有者未核实,False,True
wandoujia.com,45,0.38,5,42,24,其他外部来源,所有者未核实,False,True
taobao.com,40,0.34,11,40,32,其他外部来源,所有者未核实,False,True
feishu.cn,37,0.31,18,22,11,字节/头条系其他,字节跳动/头条系,True,False
volcengine.com,36,0.3,14,32,15,字节/头条系其他,字节跳动/头条系,True,False
book118.com,34,0.28,26,25,17,其他外部来源,所有者未核实,False,True
biqiusoft.com,33,0.28,6,31,16,其他外部来源,所有者未核实,False,True
douchacha.com,33,0.28,18,27,21,其他外部来源,所有者未核实,False,True
mi.com,33,0.28,3,31,23,其他外部来源,所有者未核实,False,True
oceanengine.com,32,0.27,26,30,20,字节/头条系其他,字节跳动/头条系,True,False
10100.com,28,0.23,11,27,20,其他外部来源,所有者未核实,False,True
xiguaji.com,28,0.23,3,27,20,其他外部来源,所有者未核实,False,True
oppozhijia.com,27,0.23,11,26,16,其他外部来源,所有者未核实,False,True
vientianeark.cn,27,0.23,18,23,17,其他外部来源,所有者未核实,False,True
zboec.cn,27,0.23,7,22,11,其他外部来源,所有者未核实,False,True
finereport.com,26,0.22,4,26,12,企业官网/工具平台,外部企业,False,True
mr010.com,26,0.22,6,26,15,其他外部来源,所有者未核实,False,True
tools-ai.cn,24,0.2,5,24,19,其他外部来源,所有者未核实,False,True
youcloud.com,23,0.19,6,22,15,其他外部来源,所有者未核实,False,True
aliyuncs.com,22,0.18,4,22,17,其他外部来源,所有者未核实,False,True
yun88.com,22,0.18,5,22,19,其他外部来源,所有者未核实,False,True
douyinec.com,21,0.18,4,20,17,其他外部来源,所有者未核实,False,True
ji-gua.com,21,0.18,3,19,12,其他外部来源,所有者未核实,False,True
sina.cn,21,0.18,17,16,14,其他外部来源,所有者未核实,False,True
duote.com,20,0.17,3,19,16,其他外部来源,所有者未核实,False,True
huo1818.com,20,0.17,1,20,15,其他外部来源,所有者未核实,False,False
znbo.com,20,0.17,2,20,17,其他外部来源,所有者未核实,False,False
woshipm.com,19,0.16,11,18,13,社区/博客/问答,外部平台,False,True
xingtu.cn,19,0.16,6,18,11,其他外部来源,所有者未核实,False,True
qq.com,18,0.15,7,18,15,新闻/门户/自媒体,媒体平台,False,True
36kr.com,17,0.14,8,11,3,新闻/门户/自媒体,媒体平台,False,True
b2b168.com,17,0.14,4,16,8,其他外部来源,所有者未核实,False,True
biemoyu.com,17,0.14,3,16,13,其他外部来源,所有者未核实,False,True
jb51.net,17,0.14,1,17,14,其他外部来源,所有者未核实,False,False
tiktok.com,17,0.14,6,16,11,其他外部来源,所有者未核实,False,True
chanjet.com,16,0.13,10,12,5,其他外部来源,所有者未核实,False,True
11467.com,15,0.13,13,14,12,其他外部来源,所有者未核实,False,True
sina.com.cn,14,0.12,11,13,9,新闻/门户/自媒体,媒体平台,False,True
80tg.com,13,0.11,5,13,13,其他外部来源,所有者未核实,False,True
bilibili.com,13,0.11,5,12,9,社区/博客/问答,外部平台,False,True
qituowang.com,12,0.1,4,12,10,其他外部来源,所有者未核实,False,True
smartscout.com,12,0.1,2,12,10,其他外部来源,所有者未核实,False,False
yixiaoer.cn,12,0.1,5,12,7,其他外部来源,所有者未核实,False,True
juejin.cn,11,0.09,7,10,5,社区/博客/问答,外部平台,False,True
meipian.cn,11,0.09,4,10,5,其他外部来源,所有者未核实,False,True
dashboardly.io,10,0.08,4,10,8,其他外部来源,所有者未核实,False,True
findlaw.cn,10,0.08,4,10,7,其他外部来源,所有者未核实,False,True
shangjiazhushou.com,10,0.08,2,10,7,其他外部来源,所有者未核实,False,False
tencent.com,10,0.08,5,10,7,其他外部来源,所有者未核实,False,True
cr173.com,9,0.08,3,9,7,其他外部来源,所有者未核实,False,False
liebiao.com,9,0.08,5,7,4,其他外部来源,所有者未核实,False,False
slashdot.org,9,0.08,3,9,9,其他外部来源,所有者未核实,False,False
tt123.com,9,0.08,2,8,6,其他外部来源,所有者未核实,False,False
vkssl.com,9,0.08,2,9,7,其他外部来源,所有者未核实,False,False
beacon.cn,8,0.07,1,8,6,其他外部来源,所有者未核实,False,False
xisence.com,8,0.07,3,6,4,其他外部来源,所有者未核实,False,False
yitongweb.cn,8,0.07,3,7,4,其他外部来源,所有者未核实,False,False
youwant.cn,8,0.07,4,7,4,其他外部来源,所有者未核实,False,False
zonflip.com,8,0.07,3,8,4,其他外部来源,所有者未核实,False,False
bgrdh.com,7,0.06,1,7,6,其他外部来源,所有者未核实,False,False
eastmoney.com,7,0.06,2,7,6,其他外部来源,所有者未核实,False,False
ganhuoku.cn,7,0.06,3,7,6,其他外部来源,所有者未核实,False,False
ifeng.com,7,0.06,6,6,5,新闻/门户/自媒体,媒体平台,False,False
mydropai.com,7,0.06,1,7,6,其他外部来源,所有者未核实,False,False
qian-gua.com,7,0.06,5,4,3,其他外部来源,所有者未核实,False,False
zncdw.com,7,0.06,1,7,3,其他外部来源,所有者未核实,False,False
ai-tab.cn,6,0.05,1,6,4,其他外部来源,所有者未核实,False,False
douyinstatic.com,6,0.05,3,5,3,其他外部来源,所有者未核实,False,False
draftstatic.com,6,0.05,3,6,3,其他外部来源,所有者未核实,False,False
glnav.com,6,0.05,1,6,4,其他外部来源,所有者未核实,False,False
itying.com,6,0.05,1,6,3,其他外部来源,所有者未核实,False,False
jijyun.cn,6,0.05,5,5,4,其他外部来源,所有者未核实,False,False
kawo.com,6,0.05,2,6,3,其他外部来源,所有者未核实,False,False
lieju.com,6,0.05,1,6,4,其他外部来源,所有者未核实,False,False
ly3721.com,6,0.05,1,6,2,其他外部来源,所有者未核实,False,False
shangyexinzhi.com,6,0.05,2,6,5,其他外部来源,所有者未核实,False,False
shortimize.com,6,0.05,3,6,5,其他外部来源,所有者未核实,False,False
xunmiwang.cn,6,0.05,4,6,5,其他外部来源,所有者未核实,False,False
zhiyitech.cn,6,0.05,1,6,3,其他外部来源,所有者未核实,False,False
100ec.cn,5,0.04,4,4,2,其他外部来源,所有者未核实,False,False
aliyun.com,5,0.04,3,5,5,其他外部来源,所有者未核实,False,False
cometly.com,5,0.04,4,5,4,其他外部来源,所有者未核实,False,False
dfcfw.com,5,0.04,4,5,4,其他外部来源,所有者未核实,False,False
docin.com,5,0.04,3,5,5,其他外部来源,所有者未核实,False,False
encootech.com,5,0.04,1,5,5,其他外部来源,所有者未核实,False,False
fmyly.com,5,0.04,1,5,5,其他外部来源,所有者未核实,False,False
github.com,5,0.04,4,5,5,其他外部来源,所有者未核实,False,False
guofenkong.com,5,0.04,1,5,2,其他外部来源,所有者未核实,False,False
itotii.com,5,0.04,1,5,4,其他外部来源,所有者未核实,False,False
keyapi.ai,5,0.04,2,5,3,其他外部来源,所有者未核实,False,False
lawtime.cn,5,0.04,2,5,2,其他外部来源,所有者未核实,False,False
reelmind.ai,5,0.04,2,5,4,其他外部来源,所有者未核实,False,False
so.com,5,0.04,2,5,5,其他外部来源,所有者未核实,False,False
sskoo.com,5,0.04,3,4,3,其他外部来源,所有者未核实,False,False
tbadc.com,5,0.04,3,5,4,其他外部来源,所有者未核实,False,False
techieevent.com,5,0.04,1,5,4,其他外部来源,所有者未核实,False,False
tencent.cn,5,0.04,1,5,2,其他外部来源,所有者未核实,False,False
tencent.com.cn,5,0.04,2,5,2,其他外部来源,所有者未核实,False,False
ufcn.cn,5,0.04,1,5,1,其他外部来源,所有者未核实,False,False
usermaven.com,5,0.04,2,4,3,其他外部来源,所有者未核实,False,False
xiaoduoai.com,5,0.04,4,5,5,其他外部来源,所有者未核实,False,False
xinstall.com,5,0.04,3,5,3,其他外部来源,所有者未核实,False,False
ypush.cn,5,0.04,1,5,4,其他外部来源,所有者未核实,False,False
zhanid.com,5,0.04,2,5,4,其他外部来源,所有者未核实,False,False
at592.com,4,0.03,1,4,4,其他外部来源,所有者未核实,False,False
chinanews.com,4,0.03,2,4,2,其他外部来源,所有者未核实,False,False
d-long.cn,4,0.03,1,4,1,其他外部来源,所有者未核实,False,False
diantuoyi.com,4,0.03,2,4,3,其他外部来源,所有者未核实,False,False
ecomaidaily.com,4,0.03,1,4,4,其他外部来源,所有者未核实,False,False
encoo.com,4,0.03,1,4,4,其他外部来源,所有者未核实,False,False
fromgeek.com,4,0.03,2,4,4,其他外部来源,所有者未核实,False,False
githubusercontent.com,4,0.03,1,4,4,其他外部来源,所有者未核实,False,False
jzd.cc,4,0.03,1,4,4,其他外部来源,所有者未核实,False,False
k73.com,4,0.03,2,4,4,其他外部来源,所有者未核实,False,False
lifexue.com,4,0.03,2,4,3,其他外部来源,所有者未核实,False,False
oryoy.com,4,0.03,2,4,2,其他外部来源,所有者未核实,False,False
pcsoft.com.cn,4,0.03,1,4,4,其他外部来源,所有者未核实,False,False
pgyer.com,4,0.03,1,4,3,其他外部来源,所有者未核实,False,False
tidenews.com.cn,4,0.03,2,3,1,其他外部来源,所有者未核实,False,False
tuokeba.com,4,0.03,2,4,3,其他外部来源,所有者未核实,False,False
yenb.com,4,0.03,1,4,2,其他外部来源,所有者未核实,False,False
36dianping.com,3,0.03,3,3,3,其他外部来源,所有者未核实,False,False
5188xm.com,3,0.03,1,3,2,其他外部来源,所有者未核实,False,False
52dsll.com,3,0.03,1,3,1,其他外部来源,所有者未核实,False,False
7starsai.com,3,0.03,1,3,3,其他外部来源,所有者未核实,False,False
admapix.com,3,0.03,3,3,3,其他外部来源,所有者未核实,False,False
ai-321.cn,3,0.03,1,3,3,其他外部来源,所有者未核实,False,False
baike.com,3,0.03,2,3,2,其他外部来源,所有者未核实,False,False
bigseller.com,3,0.03,3,3,3,其他外部来源,所有者未核实,False,False
bxtdata.com,3,0.03,3,2,1,其他外部来源,所有者未核实,False,False
cmrnn.com.cn,3,0.03,1,3,1,其他外部来源,所有者未核实,False,False
daduoduo.com,3,0.03,1,3,3,其他外部来源,所有者未核实,False,False
dtm.com.cn,3,0.03,1,3,1,其他外部来源,所有者未核实,False,False
fastmoss.com,3,0.03,1,3,3,其他外部来源,所有者未核实,False,False
fkdmg.com,3,0.03,2,3,3,其他外部来源,所有者未核实,False,False
gebidh.com,3,0.03,1,3,3,其他外部来源,所有者未核实,False,False
guoji.pro,3,0.03,2,3,3,其他外部来源,所有者未核实,False,False
hashmeta.com,3,0.03,1,3,1,其他外部来源,所有者未核实,False,False
improvado.io,3,0.03,2,3,3,其他外部来源,所有者未核实,False,False
jingzhunhuoke.net,3,0.03,3,3,3,其他外部来源,所有者未核实,False,False
kalodata.com,3,0.03,3,3,3,其他外部来源,所有者未核实,False,False
kaogujia.com,3,0.03,3,3,3,其他外部来源,所有者未核实,False,False
kesion.com,3,0.03,1,3,1,其他外部来源,所有者未核实,False,False
larkoffice.com,3,0.03,3,3,3,其他外部来源,所有者未核实,False,False
luoluo.help,3,0.03,1,3,3,其他外部来源,所有者未核实,False,False
lywh0635.com,3,0.03,1,3,3,其他外部来源,所有者未核实,False,False
niaogebiji.com,3,0.03,2,3,3,其他外部来源,所有者未核实,False,False
peksun.com,3,0.03,1,3,3,其他外部来源,所有者未核实,False,False
pidoutv.com,3,0.03,3,3,3,其他外部来源,所有者未核实,False,False
reportify.cn,3,0.03,1,3,1,其他外部来源,所有者未核实,False,False
tui39.com,3,0.03,3,3,3,其他外部来源,所有者未核实,False,False
yjpoo.com,3,0.03,3,3,3,其他外部来源,所有者未核实,False,False
yunduoketang.com,3,0.03,3,3,2,其他外部来源,所有者未核实,False,False
zhengjs.com,3,0.03,1,3,1,其他外部来源,所有者未核实,False,False
zjurl.cn,3,0.03,3,3,3,其他外部来源,所有者未核实,False,False
289.com,2,0.02,2,2,1,其他外部来源,所有者未核实,False,False
3dmgame.com,2,0.02,1,2,2,其他外部来源,所有者未核实,False,False
aimultiple.com,2,0.02,2,2,2,其他外部来源,所有者未核实,False,False
ali213.net,2,0.02,1,2,2,其他外部来源,所有者未核实,False,False
autoclipx.com,2,0.02,1,2,2,其他外部来源,所有者未核实,False,False
befun.ink,2,0.02,2,2,2,其他外部来源,所有者未核实,False,False
bihukankan.com,2,0.02,1,2,2,其他外部来源,所有者未核实,False,False
bijike.com,2,0.02,1,2,2,其他外部来源,所有者未核实,False,False
bkweek.com,2,0.02,2,2,2,其他外部来源,所有者未核实,False,False
busionline.com,2,0.02,2,2,2,其他外部来源,所有者未核实,False,False
byerisk.com,2,0.02,2,2,2,其他外部来源,所有者未核实,False,False
cctv.com,2,0.02,2,2,2,其他外部来源,所有者未核实,False,False
chaoyunying.com,2,0.02,1,2,2,其他外部来源,所有者未核实,False,False
chinadaily.com.cn,2,0.02,2,2,2,其他外部来源,所有者未核实,False,False
chinanews.com.cn,2,0.02,1,2,1,其他外部来源,所有者未核实,False,False
chrome-stats.com,2,0.02,2,2,2,其他外部来源,所有者未核实,False,False
chwang.com,2,0.02,2,2,2,其他外部来源,所有者未核实,False,False
clearsightnow.com,2,0.02,1,2,1,其他外部来源,所有者未核实,False,False
dianpu.cn,2,0.02,2,2,2,其他外部来源,所有者未核实,False,False
digate.ai,2,0.02,1,2,1,其他外部来源,所有者未核实,False,False
digitaling.com,2,0.02,1,2,2,其他外部来源,所有者未核实,False,False
dituilaxinwang.com,2,0.02,1,2,2,其他外部来源,所有者未核实,False,False
dlssyht.cn,2,0.02,1,2,1,其他外部来源,所有者未核实,False,False
downza.cn,2,0.02,2,2,2,其他外部来源,所有者未核实,False,False
eefung.com,2,0.02,2,1,1,其他外部来源,所有者未核实,False,False
fanqienovel.com,2,0.02,2,2,2,其他外部来源,所有者未核实,False,False
goodgq.com,2,0.02,1,2,2,其他外部来源,所有者未核实,False,False
hbqnbnews.com,2,0.02,1,2,2,其他外部来源,所有者未核实,False,False
hefeirencai.cn,2,0.02,1,2,2,其他外部来源,所有者未核实,False,False
heidh.com,2,0.02,1,2,1,其他外部来源,所有者未核实,False,False
iitang.com,2,0.02,1,2,2,其他外部来源,所有者未核实,False,False
imatx.com,2,0.02,1,2,1,其他外部来源,所有者未核实,False,False
infoq.cn,2,0.02,2,2,2,其他外部来源,所有者未核实,False,False
itopmarketing.com,2,0.02,2,2,2,其他外部来源,所有者未核实,False,False
jiajutu.com,2,0.02,2,2,2,其他外部来源,所有者未核实,False,False
jiandaoyun.com,2,0.02,2,2,2,其他外部来源,所有者未核实,False,False
jiezang.cn,2,0.02,1,2,1,其他外部来源,所有者未核实,False,False
jinghuiyue.com,2,0.02,1,2,2,其他外部来源,所有者未核实,False,False
jiuquan.cc,2,0.02,2,2,2,其他外部来源,所有者未核实,False,False
jiwanai.com,2,0.02,1,2,2,其他外部来源,所有者未核实,False,False
kedaxmt.com,2,0.02,2,2,2,其他外部来源,所有者未核实,False,False
kitoken.cn,2,0.02,1,2,1,其他外部来源,所有者未核实,False,False
kuai-ad.com,2,0.02,2,2,2,其他外部来源,所有者未核实,False,False
kuaishou.com,2,0.02,2,2,2,其他外部来源,所有者未核实,False,False
kuaizhang.com,2,0.02,1,2,1,其他外部来源,所有者未核实,False,False
macheng.com.cn,2,0.02,1,2,1,其他外部来源,所有者未核实,False,False
maibaba.cn,2,0.02,1,2,2,其他外部来源,所有者未核实,False,False
micount.cn,2,0.02,2,1,1,其他外部来源,所有者未核实,False,False
milguo.com,2,0.02,1,2,2,其他外部来源,所有者未核实,False,False
niucoo.cn,2,0.02,1,2,2,其他外部来源,所有者未核实,False,False
qcc.com,2,0.02,2,1,1,其他外部来源,所有者未核实,False,False
rapidtok.com,2,0.02,1,2,2,其他外部来源,所有者未核实,False,False
s-hub.cn,2,0.02,2,2,2,其他外部来源,所有者未核实,False,False
sensorsdata.cn,2,0.02,1,2,2,其他外部来源,所有者未核实,False,False
shoppingads.cn,2,0.02,1,2,2,其他外部来源,所有者未核实,False,False
sizhensoft.cn,2,0.02,1,2,1,其他外部来源,所有者未核实,False,False
sociavault.com,2,0.02,1,2,2,其他外部来源,所有者未核实,False,False
sougoujiayou.cn,2,0.02,1,2,2,其他外部来源,所有者未核实,False,False
spaceads.agency,2,0.02,1,2,2,其他外部来源,所有者未核实,False,False
starngage.com,2,0.02,2,2,2,其他外部来源,所有者未核实,False,False
thepaper.cn,2,0.02,2,2,2,其他外部来源,所有者未核实,False,False
thunderbit.com,2,0.02,2,2,2,其他外部来源,所有者未核实,False,False
tikhub.io,2,0.02,2,1,1,其他外部来源,所有者未核实,False,False
tup.com.cn,2,0.02,2,2,2,其他外部来源,所有者未核实,False,False
viral.new,2,0.02,2,2,2,其他外部来源,所有者未核实,False,False
woshizmt.cn,2,0.02,2,2,2,其他外部来源,所有者未核实,False,False
xbin.vip,2,0.02,1,2,1,其他外部来源,所有者未核实,False,False
xinhuanet.com,2,0.02,2,2,2,其他外部来源,所有者未核实,False,False
xinlingshou.com,2,0.02,1,2,1,其他外部来源,所有者未核实,False,False
xxwhwl.com,2,0.02,1,2,2,其他外部来源,所有者未核实,False,False
yimeizhushou.com,2,0.02,1,2,2,其他外部来源,所有者未核实,False,False
zhenggui.com,2,0.02,1,2,2,其他外部来源,所有者未核实,False,False
zhiyitech.com,2,0.02,2,2,2,其他外部来源,所有者未核实,False,False
21jingji.com,1,0.01,1,1,1,其他外部来源,所有者未核实,False,False
25pp.com,1,0.01,1,1,1,其他外部来源,所有者未核实,False,False
2i1i.com,1,0.01,1,1,1,其他外部来源,所有者未核实,False,False
32r.com,1,0.01,1,1,1,其他外部来源,所有者未核实,False,False
3456.com.cn,1,0.01,1,1,1,其他外部来源,所有者未核实,False,False
51cto.com,1,0.01,1,1,1,其他外部来源,所有者未核实,False,False
520zimeiti.cn,1,0.01,1,1,1,其他外部来源,所有者未核实,False,False
52by.com,1,0.01,1,1,1,其他外部来源,所有者未核实,False,False
52xbw.cn,1,0.01,1,1,1,其他外部来源,所有者未核实,False,False
55links.com,1,0.01,1,1,1,其他外部来源,所有者未核实,False,False
56ok.com,1,0.01,1,1,1,其他外部来源,所有者未核实,False,False
7716688.cn,1,0.01,1,1,1,其他外部来源,所有者未核实,False,False
87g.com,1,0.01,1,1,1,其他外部来源,所有者未核实,False,False
966o.com,1,0.01,1,1,1,其他外部来源,所有者未核实,False,False
a300.cn,1,0.01,1,1,1,其他外部来源,所有者未核实,False,False
ac.th,1,0.01,1,1,1,其他外部来源,所有者未核实,False,False
adinnet.cn,1,0.01,1,1,1,其他外部来源,所有者未核实,False,False
adstellar.ai,1,0.01,1,1,1,其他外部来源,所有者未核实,False,False
ai-321.com,1,0.01,1,1,1,其他外部来源,所有者未核实,False,False
aitoolverify.com,1,0.01,1,1,1,其他外部来源,所有者未核实,False,False
aitoolwang.com,1,0.01,1,1,1,其他外部来源,所有者未核实,False,False
amz123.com,1,0.01,1,1,1,其他外部来源,所有者未核实,False,False
anaktekno.id,1,0.01,1,1,1,其他外部来源,所有者未核实,False,False
antidetectbrowser.org,1,0.01,1,1,1,其他外部来源,所有者未核实,False,False
apifox.cn,1,0.01,1,1,1,其他外部来源,所有者未核实,False,False
artificial-intelligence-wiki.com,1,0.01,1,1,1,其他外部来源,所有者未核实,False,False
azrank.com,1,0.01,1,1,1,其他外部来源,所有者未核实,False,False
bain.cn,1,0.01,1,1,1,其他外部来源,所有者未核实,False,False
baisign.com,1,0.01,1,1,1,其他外部来源,所有者未核实,False,False
baiyanshe.com,1,0.01,1,1,1,其他外部来源,所有者未核实,False,False
batmanit.cn,1,0.01,1,1,1,其他外部来源,所有者未核实,False,False
benly.ai,1,0.01,1,1,1,其他外部来源,所有者未核实,False,False
biaoda.me,1,0.01,1,1,1,其他外部来源,所有者未核实,False,False
bibigpt.co,1,0.01,1,1,1,其他外部来源,所有者未核实,False,False
bkill.com,1,0.01,1,1,1,其他外部来源,所有者未核实,False,False
bracebook.com.cn,1,0.01,1,1,1,其他外部来源,所有者未核实,False,False
cash4reels.com,1,0.01,1,1,1,其他外部来源,所有者未核实,False,False
chandanmaxi.com,1,0.01,1,1,1,其他外部来源,所有者未核实,False,False
chinaz.com,1,0.01,1,1,1,其他外部来源,所有者未核实,False,False
ciozj.com,1,0.01,1,1,1,其他外部来源,所有者未核实,False,False
civiw.com,1,0.01,1,1,1,其他外部来源,所有者未核实,False,False
cjfuzhu.com,1,0.01,1,1,1,其他外部来源,所有者未核实,False,False
cnr.cn,1,0.01,1,1,1,其他外部来源,所有者未核实,False,False
cntslawfirm.com,1,0.01,1,1,1,其他外部来源,所有者未核实,False,False
code3.com,1,0.01,1,1,1,其他外部来源,所有者未核实,False,False
conductatlas.com,1,0.01,1,1,1,其他外部来源,所有者未核实,False,False
contentgrip.com,1,0.01,1,1,1,其他外部来源,所有者未核实,False,False
conversios.io,1,0.01,1,1,1,其他外部来源,所有者未核实,False,False
creatorcrawl.com,1,0.01,1,1,1,其他外部来源,所有者未核实,False,False
creatorinsights.in,1,0.01,1,1,1,其他外部来源,所有者未核实,False,False
cruva.com,1,0.01,1,1,1,其他外部来源,所有者未核实,False,False
daishuale.com,1,0.01,1,1,1,其他外部来源,所有者未核实,False,False
datashake.com,1,0.01,1,1,1,其他外部来源,所有者未核实,False,False
ddooo.com,1,0.01,1,1,1,其他外部来源,所有者未核实,False,False
dianzilajihs.com,1,0.01,1,1,1,其他外部来源,所有者未核实,False,False
doutianshi.com,1,0.01,1,1,1,其他外部来源,所有者未核实,False,False
downkuai.com,1,0.01,1,1,1,其他外部来源,所有者未核实,False,False
downxia.com,1,0.01,1,1,1,其他外部来源,所有者未核实,False,False
dtbwjqt.cn,1,0.01,1,1,1,其他外部来源,所有者未核实,False,False
duntools.com,1,0.01,1,1,1,其他外部来源,所有者未核实,False,False
dzwww.com,1,0.01,1,1,1,其他外部来源,所有者未核实,False,False
e4w.cn,1,0.01,1,1,1,其他外部来源,所有者未核实,False,False
echotik.live,1,0.01,1,1,1,其他外部来源,所有者未核实,False,False
ecommerceparadise.com,1,0.01,1,1,1,其他外部来源,所有者未核实,False,False
eeo.com.cn,1,0.01,1,1,1,其他外部来源,所有者未核实,False,False
elurens.com,1,0.01,1,1,1,其他外部来源,所有者未核实,False,False
eshutong.com,1,0.01,1,1,1,其他外部来源,所有者未核实,False,False
explinks.com,1,0.01,1,1,1,其他外部来源,所有者未核实,False,False
faiusr.com,1,0.01,1,1,1,其他外部来源,所有者未核实,False,False
faxianai.com,1,0.01,1,1,1,其他外部来源,所有者未核实,False,False
fenshuake.com,1,0.01,1,1,1,其他外部来源,所有者未核实,False,False
filmdaily.co,1,0.01,1,1,1,其他外部来源,所有者未核实,False,False
findmecreators.com,1,0.01,1,1,1,其他外部来源,所有者未核实,False,False
flinque.us,1,0.01,1,1,1,其他外部来源,所有者未核实,False,False
flyme.cn,1,0.01,1,1,1,其他外部来源,所有者未核实,False,False
fxbaogao.com,1,0.01,1,1,1,其他外部来源,所有者未核实,False,False
fypnow.com,1,0.01,1,1,1,其他外部来源,所有者未核实,False,False
gaiyiguo.com,1,0.01,1,1,1,其他外部来源,所有者未核实,False,False
glosellers.com,1,0.01,1,1,1,其他外部来源,所有者未核实,False,False
glowr.live,1,0.01,1,1,1,其他外部来源,所有者未核实,False,False
gmw.cn,1,0.01,1,1,1,其他外部来源,所有者未核实,False,False
gongke.net,1,0.01,1,1,1,其他外部来源,所有者未核实,False,False
gongzuoliuai.com,1,0.01,1,1,1,其他外部来源,所有者未核实,False,False
growthunders.com,1,0.01,1,1,1,其他外部来源,所有者未核实,False,False
guancha.cn,1,0.01,1,1,1,其他外部来源,所有者未核实,False,False
h139.com,1,0.01,1,1,1,其他外部来源,所有者未核实,False,False
hailuoshe.com,1,0.01,1,1,1,其他外部来源,所有者未核实,False,False
hanspub.org,1,0.01,1,1,1,其他外部来源,所有者未核实,False,False
htys123.com,1,0.01,1,1,1,其他外部来源,所有者未核实,False,False
huanqiu.com,1,0.01,1,1,1,其他外部来源,所有者未核实,False,False
hubpd.com,1,0.01,1,1,1,其他外部来源,所有者未核实,False,False
huixinfo.com,1,0.01,1,1,1,其他外部来源,所有者未核实,False,False
hxrcon.com,1,0.01,1,1,1,其他外部来源,所有者未核实,False,False
ichaoqi.com,1,0.01,1,1,1,其他外部来源,所有者未核实,False,False
influenceflow.io,1,0.01,1,1,1,其他外部来源,所有者未核实,False,False
influencerfee.com,1,0.01,1,1,1,其他外部来源,所有者未核实,False,False
influencermarketinghub.com,1,0.01,1,1,1,其他外部来源,所有者未核实,False,False
iszhouhua.com,1,0.01,1,1,1,其他外部来源,所有者未核实,False,False
jdchacha.com,1,0.01,1,1,1,其他外部来源,所有者未核实,False,False
jetfuel.agency,1,0.01,1,1,1,其他外部来源,所有者未核实,False,False
jibaoproxy.com,1,0.01,1,1,1,其他外部来源,所有者未核实,False,False
jieshuo.cn,1,0.01,1,1,1,其他外部来源,所有者未核实,False,False
jindage.com,1,0.01,1,1,1,其他外部来源,所有者未核实,False,False
jingjia8.cn,1,0.01,1,1,1,其他外部来源,所有者未核实,False,False
jingmen.gov.cn,1,0.01,1,1,1,其他外部来源,所有者未核实,False,False
jishuzhan.net,1,0.01,1,1,1,其他外部来源,所有者未核实,False,False
jiushuyun.com,1,0.01,1,1,1,其他外部来源,所有者未核实,False,False
jiuzhilan.com,1,0.01,1,1,1,其他外部来源,所有者未核实,False,False
junyikeji.net,1,0.01,1,1,1,其他外部来源,所有者未核实,False,False
keyouyun.com,1,0.01,1,1,1,其他外部来源,所有者未核实,False,False
kolens.ai,1,0.01,1,1,1,其他外部来源,所有者未核实,False,False
kwaixiaodian.com,1,0.01,1,1,1,其他外部来源,所有者未核实,False,False
kwimgs.com,1,0.01,1,1,1,其他外部来源,所有者未核实,False,False
kxphy.com,1,0.01,1,1,1,其他外部来源,所有者未核实,False,False
leyantech.com,1,0.01,1,1,1,其他外部来源,所有者未核实,False,False
liandongob.com,1,0.01,1,1,1,其他外部来源,所有者未核实,False,False
linhedianshang.com,1,0.01,1,1,1,其他外部来源,所有者未核实,False,False
lookkle.com,1,0.01,1,1,1,其他外部来源,所有者未核实,False,False
luopan.cn,1,0.01,1,1,1,其他外部来源,所有者未核实,False,False
lwzzlf.cn,1,0.01,1,1,1,其他外部来源,所有者未核实,False,False
lyg1.com,1,0.01,1,1,1,其他外部来源,所有者未核实,False,False
maimai.cn,1,0.01,1,1,1,其他外部来源,所有者未核实,False,False
mbalib.com,1,0.01,1,1,1,其他外部来源,所有者未核实,False,False
mcn7.com,1,0.01,1,1,1,其他外部来源,所有者未核实,False,False
meizu.com,1,0.01,1,1,1,其他外部来源,所有者未核实,False,False
meltwater.com,1,0.01,1,1,1,其他外部来源,所有者未核实,False,False
memories.ai,1,0.01,1,1,1,其他外部来源,所有者未核实,False,False
mgzxzs.com,1,0.01,1,1,1,其他外部来源,所有者未核实,False,False
miduoke.net,1,0.01,1,1,1,其他外部来源,所有者未核实,False,False
mjzj.com,1,0.01,1,1,1,其他外部来源,所有者未核实,False,False
mklist.com,1,0.01,1,1,1,其他外部来源,所有者未核实,False,False
mobgi.com,1,0.01,1,1,1,其他外部来源,所有者未核实,False,False
moonfox.cn,1,0.01,1,1,1,其他外部来源,所有者未核实,False,False
neofollower.com,1,0.01,1,1,1,其他外部来源,所有者未核实,False,False
nexadata.cn,1,0.01,1,1,1,其他外部来源,所有者未核实,False,False
nmoppnb.cn,1,0.01,1,1,1,其他外部来源,所有者未核实,False,False
nowcoder.com,1,0.01,1,1,1,其他外部来源,所有者未核实,False,False
oeeee.com,1,0.01,1,1,1,其他外部来源,所有者未核实,False,False
ofweek.com,1,0.01,1,1,1,其他外部来源,所有者未核实,False,False
okjike.com,1,0.01,1,1,1,其他外部来源,所有者未核实,False,False
onlinetoolguides.com,1,0.01,1,1,1,其他外部来源,所有者未核实,False,False
ooty.io,1,0.01,1,1,1,其他外部来源,所有者未核实,False,False
openinstall.com,1,0.01,1,1,1,其他外部来源,所有者未核实,False,False
opp2.com,1,0.01,1,1,1,其他外部来源,所有者未核实,False,False
opus.pro,1,0.01,1,1,1,其他外部来源,所有者未核实,False,False
pai.com.cn,1,0.01,1,1,1,其他外部来源,所有者未核实,False,False
pantosource.com,1,0.01,1,1,1,其他外部来源,所有者未核实,False,False
parabola.io,1,0.01,1,1,1,其他外部来源,所有者未核实,False,False
people.com.cn,1,0.01,1,1,1,其他外部来源,所有者未核实,False,False
polarwind.com.cn,1,0.01,1,1,1,其他外部来源,所有者未核实,False,False
pp.cn,1,0.01,1,1,1,其他外部来源,所有者未核实,False,False
producthunter.co,1,0.01,1,1,1,其他外部来源,所有者未核实,False,False
purposefulprofits.co,1,0.01,1,1,1,其他外部来源,所有者未核实,False,False
qeasy.cloud,1,0.01,1,1,1,其他外部来源,所有者未核实,False,False
qqtf.com,1,0.01,1,1,1,其他外部来源,所有者未核实,False,False
qty592.com,1,0.01,1,1,1,其他外部来源,所有者未核实,False,False
questmobile.cn,1,0.01,1,1,1,其他外部来源,所有者未核实,False,False
redantasia.com,1,0.01,1,1,1,其他外部来源,所有者未核实,False,False
regionecho.ru,1,0.01,1,1,1,其他外部来源,所有者未核实,False,False
repl.co,1,0.01,1,1,1,其他外部来源,所有者未核实,False,False
rlut.cn,1,0.01,1,1,1,其他外部来源,所有者未核实,False,False
saonuo.com,1,0.01,1,1,1,其他外部来源,所有者未核实,False,False
scstc.cn,1,0.01,1,1,1,其他外部来源,所有者未核实,False,False
sdoufen.com,1,0.01,1,1,1,其他外部来源,所有者未核实,False,False
segmentfault.com,1,0.01,1,1,1,其他外部来源,所有者未核实,False,False
sellfox.com,1,0.01,1,1,1,其他外部来源,所有者未核实,False,False
seo99.cn,1,0.01,1,1,1,其他外部来源,所有者未核实,False,False
shangpu-china.com,1,0.01,1,1,1,其他外部来源,所有者未核实,False,False
shortsintel.com,1,0.01,1,1,1,其他外部来源,所有者未核实,False,False
shuaishou.com,1,0.01,1,1,1,其他外部来源,所有者未核实,False,False
sigmob.com,1,0.01,1,1,1,其他外部来源,所有者未核实,False,False
smartelite.club,1,0.01,1,1,1,其他外部来源,所有者未核实,False,False
sociality.io,1,0.01,1,1,1,其他外部来源,所有者未核实,False,False
szxn.com,1,0.01,1,1,1,其他外部来源,所有者未核实,False,False
teng-ad.com,1,0.01,1,1,1,其他外部来源,所有者未核实,False,False
tgsem.com,1,0.01,1,1,1,其他外部来源,所有者未核实,False,False
tielingcn.com,1,0.01,1,1,1,其他外部来源,所有者未核实,False,False
tma999.com,1,0.01,1,1,1,其他外部来源,所有者未核实,False,False
topai.tools,1,0.01,1,1,1,其他外部来源,所有者未核实,False,False
trae.cn,1,0.01,1,1,1,其他外部来源,所有者未核实,False,False
trendsmcp.ai,1,0.01,1,1,1,其他外部来源,所有者未核实,False,False
tridigiam.com,1,0.01,1,1,1,其他外部来源,所有者未核实,False,False
ttzdm.cn,1,0.01,1,1,1,其他外部来源,所有者未核实,False,False
ugcscan.com,1,0.01,1,1,1,其他外部来源,所有者未核实,False,False
uliangtech.com,1,0.01,1,1,1,其他外部来源,所有者未核实,False,False
urbanads.media,1,0.01,1,1,1,其他外部来源,所有者未核实,False,False
viibeo.com,1,0.01,1,1,1,其他外部来源,所有者未核实,False,False
wangdian.cn,1,0.01,1,1,1,其他外部来源,所有者未核实,False,False
website-files.com,1,0.01,1,1,1,其他外部来源,所有者未核实,False,False
welegal.net,1,0.01,1,1,1,其他外部来源,所有者未核实,False,False
woshiqian.com,1,0.01,1,1,1,其他外部来源,所有者未核实,False,False
wyouhua.com,1,0.01,1,1,1,其他外部来源,所有者未核实,False,False
xdowns.com,1,0.01,1,1,1,其他外部来源,所有者未核实,False,False
xiaohuanxiong.com,1,0.01,1,1,1,其他外部来源,所有者未核实,False,False
xn--um0aynj27b.com,1,0.01,1,1,1,其他外部来源,所有者未核实,False,False
xunmei365.com,1,0.01,1,1,1,其他外部来源,所有者未核实,False,False
ybwzjz.com,1,0.01,1,1,1,其他外部来源,所有者未核实,False,False
youzan.com,1,0.01,1,1,1,其他外部来源,所有者未核实,False,False
yunyingpai.com,1,0.01,1,1,1,其他外部来源,所有者未核实,False,False
zikanalytics.com,1,0.01,1,1,1,其他外部来源,所有者未核实,False,False
zol.com.cn,1,0.01,1,1,1,其他外部来源,所有者未核实,False,False
zunduo.cn,1,0.01,1,1,1,其他外部来源,所有者未核实,False,False
zunxiangds.com,1,0.01,1,1,1,其他外部来源,所有者未核实,False,False
